purchase_id,member_id,rental_id,total_amount,points_accrued,payment_method,purchased_at
ORD-20260829-5991-0064,M-1744,SESS-20260829-6357-0016,25.00,3,GCash,2026-08-29T02:12:50+08:00
ORD-20260829-6054-0189,M-1361,SESS-20260829-4011-0355,150.00,22,GCash,2026-08-29T03:26:55+08:00
ORD-20260829-1152-0077,M-2042,SESS-20260829-7220-0121,255.00,25,GCash,2026-08-29T03:53:02+08:00
ORD-20260829-7044-0043,M-1652,SESS-20260829-5131-0050,85.00,12,Cash,2026-08-29T04:16:16+08:00
ORD-20260829-2136-0126,M-1219,SESS-20260829-1771-0023,30.00,3,GCash,2026-08-29T04:22:47+08:00
ORD-20260829-3756-0060,M-1464,SESS-20260829-4715-0329,75.00,9,Maya,2026-08-29T04:22:53+08:00
ORD-20260829-3788-0276,M-1568,SESS-20260829-3151-0048,345.00,43,Credit Card,2026-08-29T05:33:30+08:00
ORD-20260829-2183-0190,M-1033,SESS-20260829-3371-0027,120.00,15,Cash,2026-08-29T08:44:15+08:00
ORD-20260829-3511-0285,M-1255,SESS-20260829-9161-0021,250.00,31,GCash,2026-08-29T08:44:45+08:00
ORD-20260829-5888-0370,M-2123,,65.00,8,Cash,2026-08-29T09:00:00+08:00
ORD-20260829-8614-0022,M-1415,SESS-20260829-9484-0018,85.00,12,GCash,2026-08-29T09:11:04+08:00
ORD-20260829-3534-0360,M-1467,,120.00,18,Cash,2026-08-29T09:20:00+08:00
ORD-20260829-2823-0159,M-1971,SESS-20260829-4291-0324,90.00,11,GCash,2026-08-29T09:21:55+08:00
ORD-20260829-6345-0317,M-1734,,65.00,9,Cash,2026-08-29T09:25:00+08:00
ORD-20260829-3231-0391,M-2148,,30.00,3,Cash,2026-08-29T09:30:00+08:00
ORD-20260829-4894-0388,M-2200,,180.00,18,Maya,2026-08-29T09:32:00+08:00
ORD-20260829-4653-0321,M-1255,,120.00,15,GCash,2026-08-29T09:35:00+08:00
ORD-20260829-9193-0403,M-1556,,30.00,3,Cash,2026-08-29T09:38:00+08:00
ORD-20260829-9122-0245,M-1350,SESS-20260829-8085-0041,30.00,4,Cash,2026-08-29T09:40:25+08:00
ORD-20260829-2531-0337,M-2120,,85.00,10,Cash,2026-08-29T09:41:00+08:00
ORD-20260829-8567-0015,M-1331,SESS-20260829-9614-0082,265.00,33,Credit Card,2026-08-29T09:53:05+08:00
ORD-20260829-3055-0333,M-1131,,65.00,9,Maya,2026-08-29T10:18:00+08:00
ORD-20260829-4725-0191,M-1303,SESS-20260829-1521-0106,240.00,36,Cash,2026-08-29T10:28:39+08:00
ORD-20260829-8911-0351,M-1548,,65.00,9,Credit Card,2026-08-29T10:32:00+08:00
ORD-20260829-3811-0380,M-1884,,60.00,7,Cash,2026-08-29T10:42:00+08:00
ORD-20260829-4483-0011,M-2039,SESS-20260829-1786-0168,240.00,24,Cash,2026-08-29T10:43:34+08:00
ORD-20260829-8971-0255,M-1704,SESS-20260829-1724-0305,85.00,10,GCash,2026-08-29T10:57:36+08:00
ORD-20260829-3831-0300,M-1856,SESS-20260829-5179-0086,65.00,6,GCash,2026-08-29T11:00:43+08:00
ORD-20260829-4124-0361,M-1373,,65.00,8,Cash,2026-08-29T11:03:00+08:00
ORD-20260829-6989-0399,M-1170,,205.00,25,Credit Card,2026-08-29T11:10:00+08:00
ORD-20260829-7414-0413,M-1344,,150.00,18,Maya,2026-08-29T11:11:00+08:00
ORD-20260829-5152-0387,M-1623,,135.00,16,GCash,2026-08-29T11:13:00+08:00
ORD-20260829-8114-0356,M-1362,,140.00,17,Cash,2026-08-29T11:18:00+08:00
ORD-20260829-8502-0163,M-1734,SESS-20260829-8779-0229,175.00,26,GCash,2026-08-29T11:21:35+08:00
ORD-20260829-7424-0347,M-1532,,60.00,7,Maya,2026-08-29T11:24:00+08:00
ORD-20260829-8980-0094,M-1189,SESS-20260829-5443-0136,135.00,16,GCash,2026-08-29T11:31:08+08:00
ORD-20260829-3045-0375,M-1483,,75.00,9,GCash,2026-08-29T11:34:00+08:00
ORD-20260829-7528-0009,M-1899,SESS-20260829-5603-0067,130.00,16,Cash,2026-08-29T11:34:10+08:00
ORD-20260829-1686-0341,M-1195,,390.00,48,GCash,2026-08-29T11:39:00+08:00
ORD-20260829-3545-0100,M-1602,SESS-20260829-3323-0254,65.00,9,Credit Card,2026-08-29T11:44:13+08:00
ORD-20260829-6866-0328,M-1998,,30.00,3,Credit Card,2026-08-29T11:52:00+08:00
ORD-20260829-8966-0315,M-1146,,225.00,33,Maya,2026-08-29T11:53:00+08:00
ORD-20260829-1531-0368,M-1468,,255.00,38,Maya,2026-08-29T11:54:00+08:00
ORD-20260829-3012-0042,M-1197,SESS-20260829-1554-0171,90.00,11,Maya,2026-08-29T11:54:16+08:00
ORD-20260829-3055-0121,M-2083,SESS-20260829-1271-0107,90.00,9,GCash,2026-08-29T11:58:12+08:00
ORD-20260829-7996-0410,M-1570,,140.00,21,Maya,2026-08-29T12:04:00+08:00
ORD-20260829-4821-0397,M-1558,,270.00,33,GCash,2026-08-29T12:12:00+08:00
ORD-20260829-7784-0034,M-1459,SESS-20260829-8758-0414,120.00,15,GCash,2026-08-29T12:15:22+08:00
ORD-20260829-4077-0336,M-1676,,95.00,14,GCash,2026-08-29T12:20:00+08:00
ORD-20260829-6740-0319,M-1657,,130.00,16,GCash,2026-08-29T12:22:00+08:00
ORD-20260829-9364-0363,M-1471,,90.00,11,GCash,2026-08-29T12:22:00+08:00
ORD-20260829-2899-0398,M-1650,,255.00,31,Cash,2026-08-29T12:33:00+08:00
ORD-20260829-1840-0053,M-1469,SESS-20260829-2457-0275,30.00,3,Credit Card,2026-08-29T12:37:23+08:00
ORD-20260829-1669-0132,M-1045,SESS-20260829-6130-0071,120.00,15,GCash,2026-08-29T12:40:13+08:00
ORD-20260829-1411-0331,M-1675,,135.00,20,GCash,2026-08-29T12:42:00+08:00
ORD-20260829-4328-0266,M-1781,SESS-20260829-7587-0033,90.00,13,Maya,2026-08-29T12:44:10+08:00
ORD-20260829-2860-0352,M-1637,,210.00,31,GCash,2026-08-29T12:50:00+08:00
ORD-20260829-2226-0314,M-1050,,85.00,10,GCash,2026-08-29T13:04:00+08:00
ORD-20260829-6680-0335,M-1921,,185.00,18,Cash,2026-08-29T13:05:00+08:00
ORD-20260829-6429-0166,M-1062,SESS-20260829-7872-0374,155.00,19,Cash,2026-08-29T13:08:04+08:00
ORD-20260829-3330-0097,M-1834,SESS-20260829-6077-0101,135.00,16,Cash,2026-08-29T13:10:23+08:00
ORD-20260829-7059-0324,M-1853,,210.00,21,Cash,2026-08-29T13:15:00+08:00
ORD-20260829-7074-0367,M-1602,,275.00,41,Cash,2026-08-29T13:18:00+08:00
ORD-20260829-4806-0102,M-1049,SESS-20260829-7120-0184,165.00,20,Maya,2026-08-29T13:26:48+08:00
ORD-20260829-3701-0020,M-2100,SESS-20260829-5142-0095,200.00,25,GCash,2026-08-29T13:29:10+08:00
ORD-20260829-8099-0238,M-1149,SESS-20260829-4051-0026,210.00,26,GCash,2026-08-29T13:31:16+08:00
ORD-20260829-4984-0104,M-1789,SESS-20260829-9090-0065,25.00,3,GCash,2026-08-29T13:33:51+08:00
ORD-20260829-5033-0395,M-1088,,120.00,18,GCash,2026-08-29T13:39:00+08:00
ORD-20260829-2694-0329,M-1831,,195.00,24,Cash,2026-08-29T13:45:00+08:00
ORD-20260829-3704-0200,M-2030,SESS-20260829-2999-0233,150.00,15,GCash,2026-08-29T13:53:33+08:00
ORD-20260829-1126-0079,M-1456,SESS-20260829-4931-0142,120.00,15,GCash,2026-08-29T13:53:53+08:00
ORD-20260829-4427-0137,M-1065,SESS-20260829-7906-0091,180.00,27,GCash,2026-08-29T14:02:12+08:00
ORD-20260829-1653-0373,M-1382,,90.00,11,Cash,2026-08-29T14:05:00+08:00
ORD-20260829-4087-0386,M-1045,,155.00,19,Credit Card,2026-08-29T14:11:00+08:00
ORD-20260829-6557-0348,M-1591,,270.00,40,GCash,2026-08-29T14:21:00+08:00
ORD-20260829-1320-0150,M-1427,SESS-20260829-5214-0259,90.00,11,Maya,2026-08-29T14:26:08+08:00
ORD-20260829-1196-0033,M-1663,SESS-20260829-6395-0080,340.00,42,GCash,2026-08-29T14:32:56+08:00
ORD-20260829-6117-0232,M-1879,SESS-20260829-8194-0308,120.00,12,Cash,2026-08-29T14:34:08+08:00
ORD-20260829-8301-0385,M-1024,,75.00,9,Cash,2026-08-29T14:37:00+08:00
ORD-20260829-3257-0170,M-1556,SESS-20260829-4321-0011,65.00,8,Cash,2026-08-29T14:42:19+08:00
ORD-20260829-7600-0027,M-1195,SESS-20260829-6992-0108,65.00,8,Cash,2026-08-29T14:46:25+08:00
ORD-20260829-3585-0390,M-1504,,30.00,3,Cash,2026-08-29T14:52:00+08:00
ORD-20260829-3010-0220,M-1021,SESS-20260829-5237-0046,270.00,40,Cash,2026-08-29T15:02:36+08:00
ORD-20260829-4488-0133,M-1966,SESS-20260829-5764-0153,405.00,40,Cash,2026-08-29T15:03:01+08:00
ORD-20260829-3003-0364,M-2173,,85.00,8,Credit Card,2026-08-29T15:09:00+08:00
ORD-20260829-7193-0377,M-1963,,85.00,10,GCash,2026-08-29T15:12:00+08:00
ORD-20260829-4552-0371,M-2049,,265.00,33,GCash,2026-08-29T15:13:00+08:00
ORD-20260829-8931-0038,M-2079,SESS-20260829-4613-0311,170.00,21,GCash,2026-08-29T15:13:56+08:00
ORD-20260829-9611-0123,M-2052,SESS-20260829-8623-0360,65.00,6,Credit Card,2026-08-29T15:19:00+08:00
ORD-20260829-2540-0182,M-1500,SESS-20260829-1463-0407,85.00,12,Maya,2026-08-29T15:22:44+08:00
ORD-20260829-4947-0384,M-1873,,65.00,6,GCash,2026-08-29T15:26:00+08:00
ORD-20260829-6943-0151,M-1975,SESS-20260829-4802-0300,225.00,28,Cash,2026-08-29T15:29:38+08:00
ORD-20260829-7211-0402,M-1552,,65.00,8,GCash,2026-08-29T15:38:00+08:00
ORD-20260829-2612-0086,M-2187,SESS-20260829-2195-0172,30.00,3,GCash,2026-08-29T15:39:25+08:00
ORD-20260829-3406-0263,M-1462,SESS-20260829-5520-0202,185.00,27,Cash,2026-08-29T15:39:53+08:00
ORD-20260829-8514-0169,M-1948,SESS-20260829-1358-0069,115.00,14,GCash,2026-08-29T15:40:37+08:00
ORD-20260829-4335-0365,M-1343,,60.00,7,Maya,2026-08-29T15:41:00+08:00
ORD-20260829-8044-0058,M-1509,SESS-20260829-4920-0010,85.00,12,Cash,2026-08-29T15:43:07+08:00
ORD-20260829-5257-0325,M-2178,,180.00,18,GCash,2026-08-29T15:45:00+08:00
ORD-20260829-8176-0114,M-2074,SESS-20260829-4304-0169,135.00,16,Maya,2026-08-29T15:45:22+08:00
ORD-20260829-9870-0316,M-1219,,215.00,26,Cash,2026-08-29T15:47:00+08:00
ORD-20260829-6722-0400,M-1253,,210.00,26,Credit Card,2026-08-29T15:50:00+08:00
ORD-20260829-3148-0025,M-1124,SESS-20260829-8039-0252,185.00,23,GCash,2026-08-29T15:59:50+08:00
ORD-20260829-4820-0409,M-1830,,130.00,19,GCash,2026-08-29T16:02:00+08:00
ORD-20260829-2851-0378,M-1676,,95.00,14,Maya,2026-08-29T16:04:00+08:00
ORD-20260829-3302-0017,M-1517,SESS-20260829-4627-0083,200.00,25,GCash,2026-08-29T16:05:19+08:00
ORD-20260829-1221-0202,M-1799,SESS-20260829-2648-0194,215.00,26,GCash,2026-08-29T16:11:39+08:00
ORD-20260829-8893-0353,M-1714,,90.00,11,GCash,2026-08-29T16:15:00+08:00
ORD-20260829-4786-0129,M-1188,SESS-20260829-7606-0284,60.00,9,GCash,2026-08-29T16:17:59+08:00
ORD-20260829-9232-0412,M-2080,,270.00,27,GCash,2026-08-29T16:18:00+08:00
ORD-20260829-9228-0393,M-1704,,85.00,10,Maya,2026-08-29T16:19:00+08:00
ORD-20260829-5434-0407,M-1369,,90.00,11,Cash,2026-08-29T16:19:00+08:00
ORD-20260829-3562-0154,M-2059,SESS-20260829-3327-0020,90.00,9,Cash,2026-08-29T16:22:53+08:00
ORD-20260829-8606-0357,M-1435,,90.00,11,Cash,2026-08-29T16:23:00+08:00
ORD-20260829-5714-0066,M-1538,SESS-20260829-9583-0034,90.00,11,GCash,2026-08-29T16:23:58+08:00
ORD-20260829-8787-0362,M-1633,,330.00,41,GCash,2026-08-29T16:28:00+08:00
ORD-20260829-9036-0346,M-1578,,60.00,7,Cash,2026-08-29T16:37:00+08:00
ORD-20260829-5482-0253,M-2045,SESS-20260829-6214-0235,30.00,3,Cash,2026-08-29T16:42:16+08:00
ORD-20260829-1266-0323,M-1862,,120.00,15,Credit Card,2026-08-29T16:43:00+08:00
ORD-20260829-1671-0047,M-1305,SESS-20260829-2367-0109,65.00,8,GCash,2026-08-29T16:45:18+08:00
ORD-20260829-6735-0193,M-1140,SESS-20260829-4977-0368,60.00,7,Credit Card,2026-08-29T16:47:07+08:00
ORD-20260829-1297-0330,M-1194,,90.00,11,GCash,2026-08-29T16:48:00+08:00
ORD-20260829-7751-0277,M-1978,SESS-20260829-5131-0088,200.00,25,GCash,2026-08-29T16:52:06+08:00
ORD-20260829-9370-0414,M-2105,,120.00,15,GCash,2026-08-29T16:53:00+08:00
ORD-20260829-4062-0275,M-1132,SESS-20260829-7487-0346,255.00,38,Maya,2026-08-29T16:54:42+08:00
ORD-20260829-3234-0340,M-1778,,65.00,8,GCash,2026-08-29T16:58:00+08:00
ORD-20260829-2273-0003,M-1148,SESS-20260829-7040-0014,60.00,7,Credit Card,2026-08-29T16:58:32+08:00
ORD-20260829-7679-0092,M-1147,SESS-20260829-1111-0432,135.00,16,Maya,2026-08-29T16:58:43+08:00
ORD-20260829-2238-0088,M-2156,SESS-20260829-2432-0159,30.00,3,GCash,2026-08-29T17:03:42+08:00
ORD-20260829-4433-0294,M-1102,SESS-20260829-4046-0298,120.00,15,GCash,2026-08-29T17:04:49+08:00
ORD-20260829-4052-0392,M-1592,,150.00,22,Cash,2026-08-29T17:06:00+08:00
ORD-20260829-5264-0075,M-1746,SESS-20260829-6046-0221,255.00,31,Cash,2026-08-29T17:08:26+08:00
ORD-20260829-7287-0358,M-1557,,75.00,9,Credit Card,2026-08-29T17:09:00+08:00
ORD-20260829-6070-0376,M-1526,,120.00,18,Cash,2026-08-29T17:09:00+08:00
ORD-20260829-4414-0366,M-2024,,255.00,31,Credit Card,2026-08-29T17:12:00+08:00
ORD-20260829-5553-0119,M-1300,SESS-20260829-3853-0051,215.00,32,Maya,2026-08-29T17:12:44+08:00
ORD-20260829-7121-0369,M-1225,,155.00,19,Cash,2026-08-29T17:13:00+08:00
ORD-20260829-9447-0338,M-1246,,120.00,18,Cash,2026-08-29T17:15:00+08:00
ORD-20260829-1420-0148,M-1087,SESS-20260829-7704-0090,65.00,9,Maya,2026-08-29T17:23:29+08:00
ORD-20260829-6709-0183,M-1482,SESS-20260829-1955-0228,385.00,57,Cash,2026-08-29T17:23:45+08:00
ORD-20260829-8444-0013,M-1889,SESS-20260829-1242-0060,90.00,9,Credit Card,2026-08-29T17:30:55+08:00
ORD-20260829-4530-0326,M-1101,,90.00,13,Cash,2026-08-29T17:32:00+08:00
ORD-20260829-5325-0252,M-1973,SESS-20260829-6988-0237,185.00,18,GCash,2026-08-29T17:32:29+08:00
ORD-20260829-7459-0215,M-1001,SESS-20260829-4069-0097,65.00,8,GCash,2026-08-29T17:34:53+08:00
ORD-20260829-1649-0045,M-1036,SESS-20260829-3471-0017,210.00,31,Maya,2026-08-29T17:35:02+08:00
ORD-20260829-9704-0146,M-1901,SESS-20260829-9422-0397,65.00,6,GCash,2026-08-29T17:37:04+08:00
ORD-20260829-6625-0332,M-1072,,75.00,9,Maya,2026-08-29T17:39:00+08:00
ORD-20260829-8656-0262,M-2131,SESS-20260829-9159-0234,90.00,9,GCash,2026-08-29T17:39:20+08:00
ORD-20260829-2454-0405,M-1324,,185.00,23,GCash,2026-08-29T17:41:00+08:00
ORD-20260829-1765-0213,M-2062,SESS-20260829-4903-0009,65.00,8,GCash,2026-08-29T17:46:24+08:00
ORD-20260829-3493-0205,M-2024,SESS-20260829-4350-0164,25.00,3,GCash,2026-08-29T17:47:42+08:00
ORD-20260829-4703-0350,M-2169,,115.00,14,Maya,2026-08-29T17:48:00+08:00
ORD-20260829-7587-0343,M-2167,,65.00,8,GCash,2026-08-29T17:52:00+08:00
ORD-20260829-4801-0135,M-1805,SESS-20260829-1426-0134,90.00,13,GCash,2026-08-29T17:54:32+08:00
ORD-20260829-2981-0089,M-1987,SESS-20260829-5585-0401,220.00,22,Maya,2026-08-29T17:58:29+08:00
ORD-20260829-6802-0349,M-2172,,240.00,30,GCash,2026-08-29T18:01:00+08:00
ORD-20260829-9272-0379,M-2160,,65.00,8,Cash,2026-08-29T18:01:00+08:00
ORD-20260829-3740-0167,M-2027,SESS-20260829-5072-0206,180.00,22,Cash,2026-08-29T18:04:46+08:00
ORD-20260829-4469-0334,M-1761,,225.00,28,GCash,2026-08-29T18:05:00+08:00
ORD-20260829-3629-0175,M-1252,SESS-20260829-3678-0015,195.00,29,Credit Card,2026-08-29T18:07:02+08:00
ORD-20260829-3819-0251,M-1116,SESS-20260829-6502-0098,205.00,25,Credit Card,2026-08-29T18:08:02+08:00
ORD-20260829-9571-0313,M-1785,,65.00,8,GCash,2026-08-29T18:13:00+08:00
ORD-20260829-8586-0372,M-1210,,105.00,15,Cash,2026-08-29T18:18:00+08:00
ORD-20260829-6508-0241,M-1467,SESS-20260829-7180-0133,30.00,4,Maya,2026-08-29T18:20:36+08:00
ORD-20260829-7368-0201,M-1670,SESS-20260829-5553-0063,185.00,27,Maya,2026-08-29T18:21:06+08:00
ORD-20260829-8490-0394,M-2183,,200.00,20,GCash,2026-08-29T18:22:00+08:00
ORD-20260829-3158-0310,M-1050,SESS-20260829-5257-0002,85.00,10,Cash,2026-08-29T18:29:58+08:00
ORD-20260829-6648-0243,M-1054,SESS-20260829-3890-0339,135.00,20,Maya,2026-08-29T18:36:12+08:00
ORD-20260829-2639-0187,M-2184,SESS-20260829-9590-0215,215.00,26,Maya,2026-08-29T18:43:28+08:00
ORD-20260829-2898-0144,M-1207,SESS-20260829-1043-0443,65.00,8,Cash,2026-08-29T18:49:20+08:00
ORD-20260829-2186-0056,M-1651,SESS-20260829-1335-0104,255.00,31,Cash,2026-08-29T18:51:08+08:00
ORD-20260829-3159-0345,M-1967,,65.00,8,Cash,2026-08-29T18:52:00+08:00
ORD-20260829-1498-0261,M-1732,SESS-20260829-9005-0264,180.00,27,Cash,2026-08-29T18:52:50+08:00
ORD-20260829-3630-0320,M-1234,,90.00,11,Maya,2026-08-29T19:00:00+08:00
ORD-20260829-1646-0408,M-1486,,30.00,3,GCash,2026-08-29T19:02:00+08:00
ORD-20260829-2186-0234,M-1301,SESS-20260829-9670-0290,90.00,11,Credit Card,2026-08-29T19:02:48+08:00
ORD-20260829-9379-0185,M-1244,SESS-20260829-5552-0157,125.00,18,Maya,2026-08-29T19:03:14+08:00
ORD-20260829-3811-0209,M-1407,SESS-20260829-9457-0094,410.00,51,GCash,2026-08-29T19:03:53+08:00
ORD-20260829-6944-0036,M-1554,SESS-20260829-2362-0276,395.00,59,Cash,2026-08-29T19:04:32+08:00
ORD-20260829-3680-0018,M-1393,SESS-20260829-4243-0055,120.00,15,Maya,2026-08-29T19:06:15+08:00
ORD-20260829-3973-0284,M-1946,SESS-20260829-2255-0400,25.00,3,GCash,2026-08-29T19:10:23+08:00
ORD-20260829-2622-0184,M-1963,SESS-20260829-1128-0348,75.00,9,GCash,2026-08-29T19:11:32+08:00
ORD-20260829-5420-0076,M-1949,SESS-20260829-5636-0428,210.00,26,Credit Card,2026-08-29T19:14:14+08:00
ORD-20260829-9698-0283,M-1892,SESS-20260829-3012-0287,95.00,9,GCash,2026-08-29T19:14:54+08:00
ORD-20260829-1146-0152,M-1537,SESS-20260829-8925-0192,185.00,23,Cash,2026-08-29T19:15:44+08:00
ORD-20260829-9241-0374,M-1049,,30.00,3,Maya,2026-08-29T19:16:00+08:00
ORD-20260829-3218-0074,M-2174,SESS-20260829-1801-0253,85.00,8,GCash,2026-08-29T19:17:18+08:00
ORD-20260829-8732-0242,M-1086,SESS-20260829-2792-0199,155.00,19,GCash,2026-08-29T19:25:55+08:00
ORD-20260829-7043-0271,M-1018,SESS-20260829-4864-0198,85.00,10,Maya,2026-08-29T19:28:28+08:00
ORD-20260829-2473-0194,M-1699,SESS-20260829-2143-0273,220.00,27,Maya,2026-08-29T19:29:01+08:00
ORD-20260829-6151-0287,M-1806,SESS-20260829-9692-0309,285.00,35,Cash,2026-08-29T19:29:12+08:00
ORD-20260829-2640-0254,M-1412,SESS-20260829-1261-0258,65.00,8,GCash,2026-08-29T19:30:22+08:00
ORD-20260829-9171-0226,M-1005,SESS-20260829-6491-0398,160.00,20,Cash,2026-08-29T19:33:13+08:00
ORD-20260829-7209-0281,M-1130,SESS-20260829-6800-0073,155.00,19,Cash,2026-08-29T19:33:48+08:00
ORD-20260829-9730-0168,M-1644,SESS-20260829-5178-0247,285.00,35,GCash,2026-08-29T19:34:00+08:00
ORD-20260829-1215-0359,M-2000,,120.00,15,Cash,2026-08-29T19:39:00+08:00
ORD-20260829-2369-0161,M-1816,SESS-20260829-9082-0025,85.00,12,GCash,2026-08-29T19:41:47+08:00
ORD-20260829-9655-0052,M-2156,SESS-20260829-9322-0382,65.00,6,GCash,2026-08-29T19:43:43+08:00
ORD-20260829-9894-0312,M-1038,,185.00,23,GCash,2026-08-29T19:44:00+08:00
ORD-20260829-1447-0068,M-1181,SESS-20260829-6595-0438,30.00,3,Cash,2026-08-29T19:47:05+08:00
ORD-20260829-7049-0147,M-1476,SESS-20260829-6210-0364,90.00,13,Maya,2026-08-29T19:47:39+08:00
ORD-20260829-9744-0265,M-2159,SESS-20260829-6508-0117,265.00,33,Cash,2026-08-29T19:51:31+08:00
ORD-20260829-9550-0120,M-2167,SESS-20260829-9899-0161,245.00,30,Cash,2026-08-29T19:53:23+08:00
ORD-20260829-5120-0197,M-2108,SESS-20260829-3583-0110,220.00,22,GCash,2026-08-29T20:00:30+08:00
ORD-20260829-2959-0406,M-1887,,305.00,30,Cash,2026-08-29T20:03:00+08:00
ORD-20260829-4969-0228,M-1342,SESS-20260829-5102-0380,130.00,16,Maya,2026-08-29T20:03:56+08:00
ORD-20260829-6406-0083,M-1762,SESS-20260829-4044-0462,120.00,15,Maya,2026-08-29T20:04:57+08:00
ORD-20260829-9842-0044,M-1780,SESS-20260829-1721-0038,90.00,11,GCash,2026-08-29T20:05:32+08:00
ORD-20260829-5265-0115,M-1929,SESS-20260829-6106-0044,130.00,16,GCash,2026-08-29T20:07:52+08:00
ORD-20260829-4731-0219,M-1696,SESS-20260829-7155-0232,120.00,18,Maya,2026-08-29T20:09:31+08:00
ORD-20260829-6958-0101,M-1603,SESS-20260829-1314-0148,65.00,9,GCash,2026-08-29T20:11:29+08:00
ORD-20260829-4199-0039,M-1754,SESS-20260829-6168-0160,360.00,54,Cash,2026-08-29T20:18:26+08:00
ORD-20260829-8054-0028,M-1526,SESS-20260829-2607-0008,65.00,9,GCash,2026-08-29T20:18:48+08:00
ORD-20260829-3639-0125,M-1527,SESS-20260829-7330-0359,215.00,32,Cash,2026-08-29T20:22:30+08:00
ORD-20260829-5988-0007,M-1931,SESS-20260829-1538-0336,90.00,11,Maya,2026-08-29T20:22:40+08:00
ORD-20260829-2684-0383,M-2020,,75.00,9,GCash,2026-08-29T20:23:00+08:00
ORD-20260829-9292-0301,M-1688,SESS-20260829-7299-0279,135.00,20,GCash,2026-08-29T20:23:34+08:00
ORD-20260829-5726-0054,M-2094,SESS-20260829-3854-0052,65.00,8,Maya,2026-08-29T20:25:54+08:00
ORD-20260829-8576-0165,M-1830,SESS-20260829-6860-0274,95.00,14,Credit Card,2026-08-29T20:28:49+08:00
ORD-20260829-9507-0158,M-1933,SESS-20260829-2458-0092,65.00,6,Maya,2026-08-29T20:29:24+08:00
ORD-20260829-6948-0118,M-1157,SESS-20260829-1695-0183,240.00,30,Maya,2026-08-29T20:32:25+08:00
ORD-20260829-1022-0322,M-1905,,225.00,28,GCash,2026-08-29T20:35:00+08:00
ORD-20260829-1073-0085,M-2077,SESS-20260829-9546-0280,60.00,7,Credit Card,2026-08-29T20:37:52+08:00
ORD-20260829-7193-0299,M-1299,SESS-20260829-6549-0328,420.00,52,Maya,2026-08-29T20:38:44+08:00
ORD-20260829-4231-0292,M-1837,SESS-20260829-3553-0200,255.00,31,Credit Card,2026-08-29T20:38:49+08:00
ORD-20260829-9524-0303,M-1896,SESS-20260829-1518-0156,425.00,53,GCash,2026-08-29T20:40:50+08:00
ORD-20260829-8014-0084,M-1808,SESS-20260829-2962-0294,540.00,81,Cash,2026-08-29T20:43:45+08:00
ORD-20260829-6357-0001,M-2112,SESS-20260829-1346-0181,90.00,9,Credit Card,2026-08-29T20:46:12+08:00
ORD-20260829-1869-0098,M-1363,SESS-20260829-6388-0075,225.00,28,Credit Card,2026-08-29T20:47:27+08:00
ORD-20260829-7330-0112,M-1401,SESS-20260829-3239-0430,30.00,3,GCash,2026-08-29T20:49:52+08:00
ORD-20260829-7580-0233,M-2017,SESS-20260829-9800-0032,60.00,7,GCash,2026-08-29T20:50:19+08:00
ORD-20260829-9056-0059,M-1952,SESS-20260829-3323-0257,120.00,12,GCash,2026-08-29T20:55:01+08:00
ORD-20260829-6062-0286,M-1243,SESS-20260829-5209-0155,30.00,3,Cash,2026-08-29T20:55:21+08:00
ORD-20260829-5453-0149,M-1462,SESS-20260829-5945-0424,135.00,20,Cash,2026-08-29T20:57:31+08:00
ORD-20260829-3404-0208,M-2179,SESS-20260829-1408-0012,85.00,10,Cash,2026-08-29T20:57:52+08:00
ORD-20260829-3615-0404,M-1990,,120.00,12,GCash,2026-08-29T21:02:00+08:00
ORD-20260829-1092-0218,M-1681,SESS-20260829-3141-0187,150.00,18,Cash,2026-08-29T21:02:47+08:00
ORD-20260829-5540-0109,M-1325,SESS-20260829-3866-0442,135.00,16,Cash,2026-08-29T21:03:03+08:00
ORD-20260829-4943-0224,M-2102,SESS-20260829-4982-0239,65.00,6,Cash,2026-08-29T21:03:08+08:00
ORD-20260829-7879-0012,M-1517,SESS-20260829-7597-0459,60.00,7,GCash,2026-08-29T21:03:36+08:00
ORD-20260829-2645-0389,M-1599,,175.00,21,GCash,2026-08-29T21:04:00+08:00
ORD-20260829-1978-0257,M-1334,SESS-20260829-3268-0351,65.00,8,Maya,2026-08-29T21:09:51+08:00
ORD-20260829-7339-0067,M-1810,SESS-20260829-4558-0416,85.00,12,Maya,2026-08-29T21:10:44+08:00
ORD-20260829-8150-0140,M-1165,SESS-20260829-2821-0453,135.00,16,GCash,2026-08-29T21:12:00+08:00
ORD-20260829-3517-0005,M-2126,SESS-20260829-7997-0335,65.00,8,GCash,2026-08-29T21:13:41+08:00
ORD-20260829-3782-0002,M-1741,SESS-20260829-1555-0444,210.00,26,GCash,2026-08-29T21:14:35+08:00
ORD-20260829-4652-0048,M-1467,SESS-20260829-5700-0282,65.00,8,GCash,2026-08-29T21:15:32+08:00
ORD-20260829-2747-0269,M-1403,SESS-20260829-7411-0391,100.00,15,Cash,2026-08-29T21:17:58+08:00
ORD-20260829-4826-0258,M-1478,SESS-20260829-6884-0079,210.00,26,Maya,2026-08-29T21:18:45+08:00
ORD-20260829-9463-0415,M-1873,,120.00,12,Maya,2026-08-29T21:24:00+08:00
ORD-20260829-4796-0267,M-1245,SESS-20260829-4687-0024,65.00,8,Maya,2026-08-29T21:24:53+08:00
ORD-20260829-1109-0273,M-1251,SESS-20260829-4018-0272,30.00,3,Credit Card,2026-08-29T21:25:00+08:00
ORD-20260829-9154-0212,M-1154,SESS-20260829-7655-0176,90.00,13,GCash,2026-08-29T21:28:25+08:00
ORD-20260829-5640-0311,M-2048,SESS-20260829-2081-0042,120.00,12,GCash,2026-08-29T21:28:28+08:00
ORD-20260829-7655-0210,M-1017,SESS-20260829-3221-0145,65.00,8,Maya,2026-08-29T21:28:29+08:00
ORD-20260829-8885-0236,M-2122,SESS-20260829-2792-0388,210.00,21,Cash,2026-08-29T21:29:30+08:00
ORD-20260829-6056-0327,M-1509,,65.00,9,Credit Card,2026-08-29T21:31:00+08:00
ORD-20260829-6648-0096,M-1644,SESS-20260829-3880-0418,95.00,11,GCash,2026-08-29T21:32:50+08:00
ORD-20260829-5067-0162,M-2114,SESS-20260829-1646-0289,270.00,33,Maya,2026-08-29T21:33:08+08:00
ORD-20260829-5829-0105,M-1365,SESS-20260829-7291-0343,75.00,9,Cash,2026-08-29T21:35:58+08:00
ORD-20260829-1880-0091,M-1912,SESS-20260829-2786-0203,115.00,14,Cash,2026-08-29T21:36:40+08:00
ORD-20260829-7118-0204,M-1650,SESS-20260829-4951-0421,65.00,8,Cash,2026-08-29T21:36:59+08:00
ORD-20260829-7257-0080,M-2063,SESS-20260829-5943-0180,135.00,16,Cash,2026-08-29T21:41:45+08:00
ORD-20260829-9986-0010,M-2128,SESS-20260829-7933-0030,170.00,21,Cash,2026-08-29T21:42:38+08:00
ORD-20260829-6113-0110,M-2143,SESS-20260829-6784-0285,205.00,25,GCash,2026-08-29T21:43:08+08:00
ORD-20260829-9702-0382,M-1455,,125.00,15,GCash,2026-08-29T21:45:00+08:00
ORD-20260829-4910-0128,M-1880,SESS-20260829-7593-0381,90.00,9,Cash,2026-08-29T21:53:24+08:00
ORD-20260829-8041-0240,M-1953,SESS-20260829-2045-0441,210.00,21,Maya,2026-08-29T21:53:47+08:00
ORD-20260829-8717-0024,M-1750,SESS-20260829-1718-0119,210.00,26,Cash,2026-08-29T21:56:31+08:00
ORD-20260829-4224-0195,M-2020,SESS-20260829-4253-0352,120.00,15,Maya,2026-08-29T21:56:36+08:00
ORD-20260829-1195-0250,M-1033,SESS-20260829-4360-0144,65.00,8,GCash,2026-08-29T21:58:30+08:00
ORD-20260829-5443-0411,M-1825,,465.00,58,Cash,2026-08-29T22:00:00+08:00
ORD-20260829-5575-0235,M-2187,SESS-20260829-6182-0396,150.00,18,Maya,2026-08-29T22:00:57+08:00
ORD-20260829-3752-0260,M-1979,SESS-20260829-4496-0376,300.00,37,GCash,2026-08-29T22:01:37+08:00
ORD-20260829-9782-0049,M-1468,SESS-20260829-9720-0230,150.00,22,GCash,2026-08-29T22:02:30+08:00
ORD-20260829-6785-0198,M-1552,SESS-20260829-8050-0127,65.00,8,Maya,2026-08-29T22:05:46+08:00
ORD-20260829-8276-0106,M-1333,SESS-20260829-3552-0291,195.00,29,Cash,2026-08-29T22:06:35+08:00
ORD-20260829-5497-0306,M-1121,SESS-20260829-9437-0297,60.00,7,Cash,2026-08-29T22:06:37+08:00
ORD-20260829-2403-0293,M-1077,SESS-20260829-2378-0124,90.00,11,Cash,2026-08-29T22:07:05+08:00
ORD-20260829-7007-0339,M-1657,,120.00,15,GCash,2026-08-29T22:08:00+08:00
ORD-20260829-8552-0344,M-1841,,120.00,15,GCash,2026-08-29T22:10:00+08:00
ORD-20260829-1619-0274,M-1269,SESS-20260829-4602-0434,120.00,18,GCash,2026-08-29T22:12:01+08:00
ORD-20260829-2486-0143,M-1135,SESS-20260829-9666-0366,30.00,3,Maya,2026-08-29T22:12:21+08:00
ORD-20260829-1627-0117,M-2180,SESS-20260829-5041-0450,65.00,6,Credit Card,2026-08-29T22:13:02+08:00
ORD-20260829-1566-0070,M-1215,SESS-20260829-4890-0465,90.00,13,Cash,2026-08-29T22:21:49+08:00
ORD-20260829-1576-0179,M-2192,SESS-20260829-2962-0062,160.00,20,Maya,2026-08-29T22:22:23+08:00
ORD-20260829-4086-0309,M-2055,SESS-20260829-8186-0419,75.00,9,Credit Card,2026-08-29T22:23:47+08:00
ORD-20260829-2714-0259,M-1798,SESS-20260829-9858-0304,85.00,10,Cash,2026-08-29T22:24:18+08:00
ORD-20260829-4022-0355,M-2030,,90.00,9,Cash,2026-08-29T22:27:00+08:00
ORD-20260829-4148-0188,M-1429,SESS-20260829-3690-0216,300.00,45,GCash,2026-08-29T22:28:24+08:00
ORD-20260829-1017-0093,M-1532,SESS-20260829-4306-0130,150.00,18,GCash,2026-08-29T22:29:35+08:00
ORD-20260829-1203-0296,M-1375,SESS-20260829-3079-0293,65.00,8,Maya,2026-08-29T22:29:43+08:00
ORD-20260829-8804-0122,M-1010,SESS-20260829-6116-0099,135.00,16,Maya,2026-08-29T22:31:31+08:00
ORD-20260829-8538-0342,M-1852,,405.00,40,Cash,2026-08-29T22:32:00+08:00
ORD-20260829-3176-0396,M-1226,,120.00,18,GCash,2026-08-29T22:32:00+08:00
ORD-20260829-4535-0206,M-2177,SESS-20260829-7503-0344,200.00,20,Cash,2026-08-29T22:32:06+08:00
ORD-20260829-2114-0040,M-1281,SESS-20260829-3130-0296,65.00,9,GCash,2026-08-29T22:33:26+08:00
ORD-20260829-9655-0192,M-1705,SESS-20260829-2592-0029,30.00,3,Maya,2026-08-29T22:34:55+08:00
ORD-20260829-1977-0211,M-1332,SESS-20260829-6999-0173,60.00,7,GCash,2026-08-29T22:39:21+08:00
ORD-20260829-9592-0290,M-1761,SESS-20260829-2071-0413,85.00,10,Credit Card,2026-08-29T22:39:58+08:00
ORD-20260829-8972-0041,M-1545,SESS-20260829-5679-0320,180.00,22,GCash,2026-08-29T22:41:30+08:00
ORD-20260829-7851-0318,M-2195,,30.00,3,GCash,2026-08-29T22:42:00+08:00
ORD-20260829-3226-0127,M-1575,SESS-20260829-7842-0182,65.00,9,GCash,2026-08-29T22:42:43+08:00
ORD-20260829-3980-0081,M-1143,SESS-20260829-4531-0007,120.00,18,Cash,2026-08-29T22:45:24+08:00
ORD-20260829-2634-0401,M-1399,,270.00,33,Maya,2026-08-29T22:46:00+08:00
ORD-20260829-3287-0381,M-1587,,120.00,18,GCash,2026-08-29T22:47:00+08:00
ORD-20260829-4435-0130,M-1150,SESS-20260829-7416-0054,85.00,10,GCash,2026-08-29T22:48:36+08:00
ORD-20260829-9640-0354,M-2072,,200.00,25,Cash,2026-08-29T22:49:00+08:00
ORD-20260829-1109-0231,M-1818,SESS-20260829-8289-0118,90.00,11,GCash,2026-08-29T22:50:26+08:00
ORD-20260829-7267-0021,M-2036,SESS-20260829-3783-0350,165.00,20,Cash,2026-08-29T22:50:29+08:00
ORD-20260829-8586-0141,M-1461,SESS-20260829-7295-0166,90.00,13,Cash,2026-08-29T22:50:58+08:00
ORD-20260829-4653-0050,M-1359,SESS-20260829-9333-0246,170.00,25,GCash,2026-08-29T22:51:36+08:00
ORD-20260829-7563-0282,M-1170,SESS-20260829-3809-0113,360.00,45,GCash,2026-08-29T22:52:21+08:00
ORD-20260829-7755-0063,M-1321,SESS-20260829-7460-0457,130.00,16,GCash,2026-08-29T22:52:58+08:00
ORD-20260829-5032-0142,M-1080,SESS-20260829-7885-0248,90.00,13,GCash,2026-08-29T22:53:38+08:00
ORD-20260829-5304-0270,M-1725,SESS-20260829-5167-0197,65.00,9,GCash,2026-08-29T22:54:01+08:00
ORD-20260829-8491-0103,M-1946,SESS-20260829-6489-0422,180.00,22,Maya,2026-08-29T22:59:54+08:00
ORD-20260829-8589-0256,M-1225,SESS-20260829-5564-0392,185.00,23,Maya,2026-08-29T23:01:31+08:00
ORD-20260829-7963-0023,M-2066,SESS-20260829-6244-0204,120.00,12,GCash,2026-08-29T23:02:02+08:00
ORD-20260829-2623-0199,M-2073,SESS-20260829-6818-0087,270.00,27,Maya,2026-08-29T23:03:39+08:00
ORD-20260829-4282-0082,M-1907,SESS-20260829-7888-0387,340.00,34,GCash,2026-08-29T23:04:55+08:00
ORD-20260829-9760-0227,M-1633,SESS-20260829-9668-0220,60.00,7,GCash,2026-08-29T23:06:05+08:00
ORD-20260829-2096-0295,M-1405,SESS-20260829-5612-0395,65.00,8,GCash,2026-08-29T23:06:14+08:00
ORD-20260829-4101-0289,M-1489,SESS-20260829-5708-0357,220.00,27,Cash,2026-08-29T23:07:52+08:00
ORD-20260829-2762-0247,M-1811,SESS-20260829-2662-0039,85.00,10,Cash,2026-08-29T23:09:46+08:00
ORD-20260829-6988-0113,M-1525,SESS-20260829-6302-0369,185.00,27,Cash,2026-08-29T23:14:07+08:00
ORD-20260829-3220-0032,M-1941,SESS-20260829-6054-0211,85.00,10,GCash,2026-08-29T23:17:25+08:00
ORD-20260829-1052-0087,M-1350,SESS-20260829-4794-0158,85.00,12,Cash,2026-08-29T23:17:52+08:00
ORD-20260829-9669-0057,M-1616,SESS-20260829-2411-0384,65.00,8,Maya,2026-08-29T23:18:41+08:00
ORD-20260829-1144-0014,M-1682,SESS-20260829-7303-0318,95.00,14,GCash,2026-08-29T23:19:02+08:00
ORD-20260829-1508-0157,M-1302,SESS-20260829-7833-0347,125.00,15,Maya,2026-08-29T23:20:16+08:00
ORD-20260829-3760-0116,M-1341,SESS-20260829-8635-0370,220.00,33,GCash,2026-08-29T23:20:50+08:00
ORD-20260829-1919-0222,M-1483,SESS-20260829-4270-0165,120.00,15,GCash,2026-08-29T23:23:53+08:00
ORD-20260829-9951-0203,M-2165,SESS-20260829-7315-0319,140.00,14,GCash,2026-08-29T23:26:18+08:00
ORD-20260829-8557-0305,M-1899,SESS-20260829-8386-0363,85.00,10,Cash,2026-08-29T23:30:12+08:00
ORD-20260829-1369-0108,M-1441,SESS-20260829-5148-0190,130.00,16,GCash,2026-08-29T23:30:22+08:00
ORD-20260829-3124-0221,M-1519,SESS-20260829-5832-0013,90.00,11,GCash,2026-08-29T23:31:01+08:00
ORD-20260829-4930-0164,M-1709,SESS-20260829-4127-0327,130.00,16,Credit Card,2026-08-29T23:33:09+08:00
ORD-20260829-3985-0139,M-1642,SESS-20260829-9851-0147,120.00,18,GCash,2026-08-29T23:36:05+08:00
ORD-20260829-3703-0178,M-1530,SESS-20260829-5138-0035,90.00,13,GCash,2026-08-29T23:36:27+08:00
ORD-20260829-5726-0297,M-1702,SESS-20260829-6392-0131,120.00,18,Cash,2026-08-29T23:39:25+08:00
ORD-20260829-4627-0172,M-1974,SESS-20260829-1435-0114,65.00,6,Maya,2026-08-29T23:43:11+08:00
ORD-20260829-1828-0019,M-1016,SESS-20260829-4818-0178,225.00,28,GCash,2026-08-29T23:44:12+08:00
ORD-20260829-1835-0026,M-1187,SESS-20260829-8375-0356,300.00,37,Credit Card,2026-08-29T23:44:33+08:00
ORD-20260829-8440-0186,M-1687,SESS-20260829-2729-0189,170.00,21,Cash,2026-08-29T23:45:58+08:00
ORD-20260829-3728-0279,M-1815,SESS-20260829-4989-0340,135.00,16,GCash,2026-08-29T23:48:27+08:00
ORD-20260829-1785-0145,M-2115,SESS-20260829-5004-0047,245.00,30,Cash,2026-08-29T23:48:47+08:00
ORD-20260829-5360-0156,M-1904,SESS-20260829-5843-0270,65.00,6,GCash,2026-08-29T23:51:16+08:00
ORD-20260829-6005-0155,M-1263,SESS-20260829-2885-0362,65.00,8,Cash,2026-08-29T23:53:01+08:00
ORD-20260829-1177-0223,M-1971,SESS-20260829-4979-0460,90.00,11,GCash,2026-08-29T23:55:56+08:00
ORD-20260829-3506-0264,M-1981,SESS-20260829-6171-0241,130.00,16,GCash,2026-08-29T23:57:32+08:00
ORD-20260830-4854-0004,M-2021,SESS-20260829-3834-0213,130.00,16,GCash,2026-08-30T00:00:36+08:00
ORD-20260830-2149-0291,M-1636,SESS-20260829-8226-0250,150.00,22,GCash,2026-08-30T00:01:00+08:00
ORD-20260830-3372-0078,M-1787,SESS-20260829-8777-0353,90.00,11,Cash,2026-08-30T00:01:43+08:00
ORD-20260830-7107-0298,M-1437,SESS-20260829-2479-0077,415.00,51,Cash,2026-08-30T00:03:28+08:00
ORD-20260830-5939-0214,M-1308,SESS-20260829-7824-0447,205.00,25,GCash,2026-08-30T00:03:29+08:00
ORD-20260830-1151-0181,M-1460,SESS-20260829-2971-0242,65.00,8,Credit Card,2026-08-30T00:04:51+08:00
ORD-20260830-6088-0073,M-1637,SESS-20260829-6004-0375,135.00,20,GCash,2026-08-30T00:09:06+08:00
ORD-20260830-9686-0246,M-1057,SESS-20260829-3355-0266,120.00,18,Maya,2026-08-30T00:09:33+08:00
ORD-20260830-5429-0016,M-1819,SESS-20260829-2328-0433,65.00,8,GCash,2026-08-30T00:18:02+08:00
ORD-20260830-3334-0061,M-2173,SESS-20260829-2735-0321,75.00,7,Cash,2026-08-30T00:18:43+08:00
ORD-20260830-2687-0278,M-2098,SESS-20260829-8697-0129,210.00,26,Cash,2026-08-30T00:18:52+08:00
ORD-20260830-3426-0174,M-1648,SESS-20260829-4408-0022,90.00,13,Credit Card,2026-08-30T00:22:09+08:00
ORD-20260830-7447-0171,M-1587,SESS-20260829-8997-0454,135.00,20,Maya,2026-08-30T00:22:59+08:00
ORD-20260830-2078-0006,M-2179,SESS-20260829-5048-0175,30.00,3,Maya,2026-08-30T00:23:11+08:00
ORD-20260830-2857-0180,M-1115,SESS-20260829-6634-0112,270.00,33,Maya,2026-08-30T00:24:29+08:00
ORD-20260830-3796-0111,M-2195,SESS-20260829-8358-0467,30.00,3,GCash,2026-08-30T00:33:36+08:00
ORD-20260830-9660-0177,M-1730,SESS-20260829-6985-0437,260.00,32,GCash,2026-08-30T00:34:07+08:00
ORD-20260830-6862-0153,M-1911,SESS-20260829-3289-0455,65.00,8,GCash,2026-08-30T00:34:38+08:00
ORD-20260830-6170-0249,M-1764,SESS-20260829-3127-0383,85.00,12,GCash,2026-08-30T00:35:27+08:00
ORD-20260830-6906-0237,M-1996,SESS-20260829-7458-0195,220.00,22,GCash,2026-08-30T00:37:42+08:00
ORD-20260830-9424-0134,M-2004,SESS-20260829-8491-0064,65.00,8,Maya,2026-08-30T00:39:54+08:00
ORD-20260830-6022-0055,M-2041,SESS-20260829-7137-0078,85.00,8,Credit Card,2026-08-30T00:43:47+08:00
ORD-20260830-2586-0239,M-2200,SESS-20260829-5234-0426,135.00,13,Cash,2026-08-30T00:44:02+08:00
ORD-20260830-7748-0217,M-1606,SESS-20260829-8001-0403,225.00,33,Cash,2026-08-30T00:47:07+08:00
ORD-20260830-4430-0099,M-2022,SESS-20260829-8973-0345,255.00,31,GCash,2026-08-30T00:50:05+08:00
ORD-20260830-1216-0071,M-1131,SESS-20260829-4340-0325,65.00,9,Cash,2026-08-30T00:51:02+08:00
ORD-20260830-1081-0268,M-2111,SESS-20260829-7274-0137,120.00,12,Maya,2026-08-30T00:51:18+08:00
ORD-20260830-2855-0248,M-2001,SESS-20260829-9640-0440,120.00,12,Cash,2026-08-30T00:53:50+08:00
ORD-20260830-3310-0138,M-1806,SESS-20260829-8759-0463,120.00,15,Cash,2026-08-30T00:54:55+08:00
ORD-20260830-1859-0173,M-1804,SESS-20260829-1538-0170,85.00,10,GCash,2026-08-30T00:56:21+08:00
ORD-20260830-7943-0065,M-1862,SESS-20260829-9935-0072,195.00,24,Maya,2026-08-30T01:00:22+08:00
ORD-20260830-5937-0095,M-1825,SESS-20260829-1553-0446,30.00,3,Cash,2026-08-30T01:00:58+08:00
ORD-20260830-4761-0090,M-1626,SESS-20260829-3934-0449,90.00,11,GCash,2026-08-30T01:05:02+08:00
ORD-20260830-5565-0046,M-1014,SESS-20260829-7950-0185,155.00,23,Maya,2026-08-30T01:07:15+08:00
ORD-20260830-3173-0160,M-1231,SESS-20260829-8245-0409,60.00,7,Maya,2026-08-30T01:11:25+08:00
ORD-20260830-8969-0307,M-1841,SESS-20260829-5211-0468,25.00,3,Cash,2026-08-30T01:12:03+08:00
ORD-20260830-8205-0029,M-1390,SESS-20260829-5553-0151,155.00,19,GCash,2026-08-30T01:19:34+08:00
ORD-20260830-5756-0288,M-1990,SESS-20260829-8187-0238,65.00,6,GCash,2026-08-30T01:20:08+08:00
ORD-20260830-7518-0008,M-2096,SESS-20260829-6672-0365,185.00,18,GCash,2026-08-30T01:20:18+08:00
ORD-20260830-5574-0302,M-1283,SESS-20260829-5720-0227,145.00,18,Cash,2026-08-30T01:20:33+08:00
ORD-20260830-5329-0196,M-1849,SESS-20260829-7847-0302,215.00,21,GCash,2026-08-30T01:21:09+08:00
ORD-20260830-8455-0131,M-1471,SESS-20260829-5980-0081,30.00,3,GCash,2026-08-30T01:21:59+08:00
ORD-20260830-6791-0280,M-1668,SESS-20260829-1141-0469,95.00,11,Cash,2026-08-30T01:26:32+08:00
ORD-20260830-6231-0031,M-1454,SESS-20260829-7412-0244,65.00,9,Credit Card,2026-08-30T01:26:52+08:00
ORD-20260830-6832-0072,M-1617,SESS-20260829-7788-0435,65.00,8,GCash,2026-08-30T01:32:03+08:00
ORD-20260830-3468-0030,M-1070,SESS-20260829-5820-0299,60.00,9,Cash,2026-08-30T01:36:31+08:00
ORD-20260830-9226-0124,M-1755,SESS-20260829-8173-0152,120.00,15,GCash,2026-08-30T01:47:33+08:00
ORD-20260830-9881-0216,M-1234,SESS-20260829-8489-0337,135.00,16,Cash,2026-08-30T01:48:55+08:00
ORD-20260830-3449-0176,M-1948,SESS-20260829-2992-0255,330.00,41,Cash,2026-08-30T01:49:14+08:00
ORD-20260830-4725-0207,M-1745,SESS-20260829-7837-0411,65.00,9,Cash,2026-08-30T01:51:47+08:00
ORD-20260830-4434-0107,M-1932,SESS-20260829-1342-0212,155.00,19,Maya,2026-08-30T01:54:32+08:00
ORD-20260830-5894-0037,M-1942,SESS-20260829-3011-0278,210.00,26,Maya,2026-08-30T01:59:47+08:00
ORD-20260830-2050-0225,M-1863,SESS-20260829-3329-0186,65.00,8,GCash,2026-08-30T02:11:00+08:00
ORD-20260830-4226-0230,M-1876,SESS-20260829-9725-0146,65.00,8,GCash,2026-08-30T02:15:59+08:00
ORD-20260830-1960-0272,M-1759,SESS-20260829-5525-0154,120.00,18,GCash,2026-08-30T02:28:15+08:00
ORD-20260830-1731-0035,M-1241,SESS-20260829-8987-0386,135.00,16,Credit Card,2026-08-30T02:38:20+08:00
ORD-20260830-3648-0062,M-1767,SESS-20260829-2614-0429,65.00,8,Credit Card,2026-08-30T02:38:23+08:00
ORD-20260830-2087-0136,M-1857,SESS-20260829-8518-0330,270.00,33,GCash,2026-08-30T02:40:54+08:00
ORD-20260830-5094-0229,M-1685,SESS-20260829-4795-0193,305.00,45,GCash,2026-08-30T02:48:03+08:00
ORD-20260830-1479-0069,M-2149,SESS-20260829-4624-0445,130.00,13,GCash,2026-08-30T02:57:15+08:00
ORD-20260830-8024-0244,M-1126,SESS-20260829-2224-0059,135.00,16,Credit Card,2026-08-30T03:17:55+08:00
ORD-20260830-8066-0051,M-1504,SESS-20260829-3130-0005,270.00,33,Maya,2026-08-30T03:33:42+08:00
ORD-20260830-4680-0308,M-1208,SESS-20260829-8132-0295,340.00,51,Maya,2026-08-30T03:45:16+08:00
ORD-20260830-4845-0304,M-1914,SESS-20260829-4608-0135,90.00,9,Credit Card,2026-08-30T04:29:48+08:00
