ledger_id,member_id,source_reference_id,transaction_type,points_delta,resulting_balance,created_at
97901617-e805-49b0-9e40-525c0ebc38f6,M-1676,SESS-20260703-2905-0000,RENTAL_ACCRUAL,48,3394,2026-07-04T04:00:00+08:00
418dcaf9-9194-45a4-b644-d63a802b8c6e,M-1527,SESS-20260703-8512-0001,RENTAL_ACCRUAL,5,43,2026-07-03T18:45:00+08:00
61664cfd-5a5c-4d0a-811b-16b72dee2270,M-1651,SESS-20260703-4723-0002,RENTAL_ACCRUAL,24,148,2026-07-03T21:15:00+08:00
9d9cdc0a-70ef-40f8-9ce3-e9cdd35a8ffa,M-1109,SESS-20260703-5037-0003,RENTAL_ACCRUAL,10,65,2026-07-03T23:30:00+08:00
30d9afc8-c9f3-4c97-88b8-4b6937649e6b,M-1649,SESS-20260703-7454-0004,RENTAL_ACCRUAL,16,155,2026-07-03T23:15:00+08:00
7d0fa9aa-e70b-4fbc-b655-6dadc144e948,M-1767,SESS-20260703-9504-0005,RENTAL_ACCRUAL,15,107,2026-07-03T07:10:00+08:00
438a53e1-fff8-474e-9a44-c6d34ece83d1,M-1575,SESS-20260703-9397-0006,RENTAL_ACCRUAL,40,149,2026-07-03T17:30:00+08:00
a6737fb0-4902-486a-8933-9a2ceb73b1e9,M-1479,SESS-20260703-1140-0007,RENTAL_ACCRUAL,115,2513,2026-07-03T18:15:00+08:00
966e1a9c-9dd9-4581-96f5-7718deff5da0,M-1631,SESS-20260703-5869-0008,RENTAL_ACCRUAL,36,119,2026-07-03T12:45:00+08:00
f79f4176-b29a-4b33-9762-099f3e965a40,M-1045,SESS-20260703-3791-0009,RENTAL_ACCRUAL,10,80,2026-07-03T17:30:00+08:00
c2dd4ce3-a784-45bf-b53b-fe7ddd7b56c3,M-1305,SESS-20260703-6810-0010,RENTAL_ACCRUAL,24,94,2026-07-03T13:30:00+08:00
01901f59-62aa-4294-a5c0-fbb6c15ac5d1,M-1752,SESS-20260703-9444-0011,RENTAL_ACCRUAL,48,2305,2026-07-03T16:00:00+08:00
de371f01-6cd9-49aa-a0d6-512446c5b965,M-1587,SESS-20260703-6148-0012,RENTAL_ACCRUAL,18,1026,2026-07-03T04:50:00+08:00
23966d39-685e-4440-a2fa-fc3a43e1d483,M-1682,SESS-20260703-7199-0013,RENTAL_ACCRUAL,18,178,2026-07-03T21:45:00+08:00
b3973c8a-2ddc-4060-b7fd-3229dd145b2b,M-1501,SESS-20260703-1930-0014,RENTAL_ACCRUAL,24,189,2026-07-03T22:30:00+08:00
adfb8f75-16f3-4220-8570-c9d119374fe9,M-1398,SESS-20260703-1418-0015,RENTAL_REDEMPTION,-100,1853,2026-07-03T18:45:00+08:00
c631de0c-4679-4316-af62-5d942439fff0,M-1398,SESS-20260703-1418-0015,RENTAL_ACCRUAL,11,1864,2026-07-03T20:45:00+08:00
afb9baf8-d3b3-4a92-87c5-85a55a0a65d1,M-1161,SESS-20260703-4233-0016,RENTAL_ACCRUAL,24,68,2026-07-03T23:15:00+08:00
9b525743-07c5-4b72-9322-391dfd84477a,M-1419,SESS-20260703-3128-0017,RENTAL_ACCRUAL,40,149,2026-07-03T18:15:00+08:00
91dc22b2-8a2a-4b82-8eb9-9d2f765cd94a,M-1784,SESS-20260703-7432-0018,RENTAL_ACCRUAL,16,155,2026-07-03T15:15:00+08:00
0bbdf2aa-fa73-4d82-92ed-611847193fa0,M-1688,SESS-20260703-5665-0019,RENTAL_ACCRUAL,11,221,2026-07-03T18:15:00+08:00
5659f95a-37cb-4c6d-bed7-58a16fe6d671,M-1132,SESS-20260703-5784-0020,RENTAL_REDEMPTION,-100,599,2026-07-03T15:00:00+08:00
600751d6-47bf-4150-bbab-a46090b94b38,M-1132,SESS-20260703-5784-0020,RENTAL_ACCRUAL,6,605,2026-07-03T16:00:00+08:00
ecc030de-0adc-4509-a598-09fd20457ddd,M-1728,SESS-20260703-8397-0021,RENTAL_ACCRUAL,27,200,2026-07-03T23:00:00+08:00
27b638d5-5f16-49a5-b33b-46979ec92579,M-1482,SESS-20260703-6065-0022,RENTAL_ACCRUAL,10,186,2026-07-04T01:00:00+08:00
bd1a3a53-4b17-44c5-a198-6401a628872a,M-1114,SESS-20260703-2765-0023,RENTAL_ACCRUAL,15,50,2026-07-03T07:45:00+08:00
3ac61f15-9a08-4e5d-ab41-0893ff04258b,M-1152,SESS-20260703-1233-0024,RENTAL_ACCRUAL,64,125,2026-07-04T06:00:00+08:00
1105933a-671f-4a9e-93a9-2bb44bcfe38c,M-1158,SESS-20260703-9864-0025,RENTAL_REDEMPTION,-100,36,2026-07-03T16:45:00+08:00
224ca4a6-1cc1-4ec7-b9f0-aab153bf9e3b,M-1158,SESS-20260703-9864-0025,RENTAL_ACCRUAL,3,39,2026-07-03T17:45:00+08:00
1f2f1b97-f962-497b-9ac4-33ec2aa0282e,M-1430,SESS-20260703-1071-0026,RENTAL_ACCRUAL,28,1028,2026-07-03T20:25:00+08:00
631289f3-4977-49c8-a675-566e0ed084fc,M-1053,SESS-20260703-7682-0027,RENTAL_ACCRUAL,15,31,2026-07-03T18:30:00+08:00
7d416fac-cc71-41b5-aca8-d9bfe313d9ef,M-1499,SESS-20260703-6105-0028,RENTAL_ACCRUAL,10,153,2026-07-03T23:00:00+08:00
393935d9-8e47-46af-82fe-7b1dd7759185,M-1197,SESS-20260703-2011-0029,RENTAL_ACCRUAL,10,62,2026-07-03T16:45:00+08:00
1a73d55d-efd8-4278-80ce-1d29f400f54f,M-1183,SESS-20260703-5000-0030,RENTAL_ACCRUAL,5,43,2026-07-03T22:00:00+08:00
0324287a-683d-4ed7-946e-17e0cf4af0a4,M-1577,SESS-20260703-4010-0031,RENTAL_ACCRUAL,40,98,2026-07-04T00:45:00+08:00
31152931-9551-451a-a52f-6c8983311156,M-1693,SESS-20260703-1608-0032,RENTAL_REDEMPTION,-100,288,2026-07-03T11:30:00+08:00
452e144f-8f94-4b09-99ed-d72263a4f2d6,M-1693,SESS-20260703-1608-0032,RENTAL_ACCRUAL,21,309,2026-07-03T16:30:00+08:00
d9da28e6-f4ee-49d3-9da7-6df8d51bbc50,M-1349,SESS-20260703-1914-0033,RENTAL_ACCRUAL,9,728,2026-07-03T22:30:00+08:00
648e62fd-79c0-4b76-805e-f75aa7d89dab,M-1034,SESS-20260703-3680-0034,RENTAL_ACCRUAL,11,264,2026-07-03T21:30:00+08:00
71f2ee52-8daf-4a1d-a7b8-d06cad80582b,M-1774,SESS-20260703-4788-0035,RENTAL_ACCRUAL,15,106,2026-07-03T16:15:00+08:00
fd6241d1-214d-4470-8aaf-88a80fed4a31,M-1387,SESS-20260703-3403-0036,RENTAL_ACCRUAL,36,84,2026-07-03T21:15:00+08:00
2a50f971-ffba-45b0-9ecf-30b4b85ae02f,M-1088,SESS-20260703-7846-0037,RENTAL_ACCRUAL,5,100,2026-07-03T11:15:00+08:00
cd2fe8fa-78e4-4464-b77b-0c5449136b3d,M-1187,SESS-20260703-5687-0038,RENTAL_ACCRUAL,24,130,2026-07-03T19:45:00+08:00
8a9fcbce-0828-45c9-ae9a-df4390600f20,M-1561,SESS-20260703-4170-0039,RENTAL_ACCRUAL,40,293,2026-07-04T00:45:00+08:00
6024b321-9bc7-4ae7-aa2d-0dd5de8159ca,M-1172,SESS-20260703-1868-0040,RENTAL_ACCRUAL,45,130,2026-07-04T01:00:00+08:00
d38fc8a6-9126-4209-9413-93e9993e1418,M-1332,SESS-20260703-5435-0041,RENTAL_ACCRUAL,10,97,2026-07-03T18:30:00+08:00
4f69e76d-bce6-4f80-a93d-b0daec9a2d0a,M-1870,SESS-20260703-7989-0042,RENTAL_ACCRUAL,40,53,2026-07-03T22:45:00+08:00
d267f719-cbc5-4af6-8037-87b49ec83e6b,M-1223,SESS-20260703-8631-0043,RENTAL_ACCRUAL,10,73,2026-07-04T00:05:00+08:00
4851ec04-d8b7-48a7-86d7-021984cbffa7,M-1004,SESS-20260703-5466-0044,RENTAL_ACCRUAL,5,403,2026-07-03T18:30:00+08:00
73c7bbf9-ea28-4aef-86ab-1acca570ce6e,M-1055,SESS-20260703-2415-0045,RENTAL_ACCRUAL,24,43,2026-07-03T19:45:00+08:00
ebb5b58c-3d03-4b8f-bd01-0383b9b3db8b,M-1159,SESS-20260703-3233-0046,RENTAL_ACCRUAL,10,111,2026-07-03T09:15:00+08:00
e47536c7-e2f7-4ae3-a5f6-61caca3446ad,M-1073,SESS-20260703-7187-0047,RENTAL_ACCRUAL,24,78,2026-07-03T22:45:00+08:00
6d4dabf0-3b90-43d1-ac25-d0c1f5a271ca,M-1505,SESS-20260703-7343-0048,RENTAL_REDEMPTION,-100,89,2026-07-03T18:40:00+08:00
ed2f7d81-ec13-4c3b-b903-98e4e1555767,M-1657,SESS-20260703-6007-0049,RENTAL_ACCRUAL,8,40,2026-07-03T19:15:00+08:00
ff8e747a-d8a1-4646-a10b-f85b044893c9,M-1597,SESS-20260703-3854-0050,RENTAL_ACCRUAL,8,127,2026-07-03T06:00:00+08:00
7b56069d-7f16-477b-9dae-6d2893786cba,M-1087,SESS-20260703-5287-0051,RENTAL_ACCRUAL,43,637,2026-07-03T21:45:00+08:00
f973f1e4-eb7b-460e-b763-71ca38440af0,M-1122,SESS-20260703-7559-0052,RENTAL_ACCRUAL,45,185,2026-07-03T16:00:00+08:00
bf59bf10-6a43-42fd-848f-f809072b5b8b,M-1492,SESS-20260703-1898-0053,RENTAL_ACCRUAL,8,157,2026-07-03T19:30:00+08:00
7983da9a-1180-4864-917c-46361556b08b,M-1435,SESS-20260703-7111-0054,RENTAL_ACCRUAL,16,26,2026-07-03T20:30:00+08:00
79abad0a-83f8-4c99-8d7f-43c8d0095c11,M-1301,SESS-20260703-1879-0055,RENTAL_ACCRUAL,24,62,2026-07-04T00:15:00+08:00
5d816121-8994-4d6b-a4ac-60b94f5a33b4,M-1481,SESS-20260703-6932-0056,RENTAL_REDEMPTION,-100,28,2026-07-03T23:00:00+08:00
ea6a80c6-63a5-4673-9e4a-7de0cf8b7fd6,M-1357,SESS-20260703-8758-0057,RENTAL_ACCRUAL,5,86,2026-07-03T19:30:00+08:00
b72931c3-fe0f-4c6b-b0b0-fc88ed996e58,M-1013,SESS-20260703-8711-0058,RENTAL_ACCRUAL,5,136,2026-07-03T20:15:00+08:00
e002eb4d-44b4-4d91-87e2-6f3288d4862a,M-1691,SESS-20260703-6468-0059,RENTAL_ACCRUAL,15,64,2026-07-03T10:30:00+08:00
7d9dfcf3-2a4f-4cdb-b270-435e5adbb4f9,M-1767,SESS-20260703-5168-0060,RENTAL_ACCRUAL,24,131,2026-07-03T19:45:00+08:00
0b93091e-ffc6-4ac1-bdee-d50b6a227427,M-1170,SESS-20260703-2366-0061,RENTAL_ACCRUAL,15,60,2026-07-03T19:30:00+08:00
e673f524-22b2-45ce-bdb3-f7d64695b8c3,M-1041,SESS-20260703-7002-0062,RENTAL_ACCRUAL,19,922,2026-07-03T17:15:00+08:00
bbf6d25c-c796-4884-a7d4-54def343ae6e,M-1628,SESS-20260703-7942-0063,RENTAL_ACCRUAL,25,188,2026-07-03T08:45:00+08:00
324e5010-8c56-4e40-81e4-33218cb713a6,M-1118,SESS-20260703-7172-0064,RENTAL_ACCRUAL,16,66,2026-07-04T00:45:00+08:00
97563e1c-142c-46b9-b437-7ebc26f1d0b7,M-1828,SESS-20260703-5934-0065,RENTAL_ACCRUAL,15,44,2026-07-04T02:40:00+08:00
66dcb45d-6e33-4e6c-a881-ee89473113cc,M-1401,SESS-20260703-2291-0066,RENTAL_ACCRUAL,36,92,2026-07-03T23:30:00+08:00
edcf2b51-3a97-4bda-b8bf-ef24ae2f92df,M-1840,SESS-20260703-9246-0067,RENTAL_ACCRUAL,6,1805,2026-07-03T18:45:00+08:00
808b729e-a056-4c9a-9997-45bce6ca9acd,M-1383,SESS-20260703-8231-0068,RENTAL_ACCRUAL,5,139,2026-07-03T20:45:00+08:00
b37a9b92-f58b-4d30-a101-048d46598987,M-1059,SESS-20260703-9488-0069,RENTAL_ACCRUAL,36,95,2026-07-03T11:00:00+08:00
0fa264ca-7948-4e40-9110-bce7ab278de6,M-1079,SESS-20260703-9193-0070,RENTAL_REDEMPTION,-500,205,2026-07-03T20:15:00+08:00
97518490-f078-42bf-8830-a836edf2937a,M-1079,SESS-20260703-9193-0070,RENTAL_ACCRUAL,10,215,2026-07-04T01:15:00+08:00
446e72b2-5a88-4f8d-9f8e-77d2053f1849,M-1710,SESS-20260703-9714-0071,RENTAL_ACCRUAL,36,76,2026-07-03T19:15:00+08:00
a6f0389a-ebbb-46fd-bdc5-d7ebdffd0ff9,M-1429,SESS-20260703-6671-0072,RENTAL_ACCRUAL,5,383,2026-07-03T19:15:00+08:00
3ab81dc7-9d14-4859-8dc1-63a84fbb8808,M-1304,SESS-20260703-9471-0073,RENTAL_ACCRUAL,60,207,2026-07-03T09:55:00+08:00
5281be27-db4b-4eaf-b560-561f650ffa15,M-1824,SESS-20260703-5184-0074,RENTAL_ACCRUAL,40,115,2026-07-03T12:45:00+08:00
24a0d58b-7671-402f-9865-43be66e6cff1,M-1006,SESS-20260703-8465-0075,RENTAL_ACCRUAL,24,159,2026-07-03T22:45:00+08:00
c161f85d-3a01-42c6-abc5-a6dc62fbca8c,M-1814,SESS-20260703-2320-0076,RENTAL_ACCRUAL,15,92,2026-07-03T20:30:00+08:00
a07cbd69-fbcc-463d-9610-573ef9d18310,M-1637,SESS-20260703-8307-0077,RENTAL_ACCRUAL,30,1047,2026-07-04T01:30:00+08:00
9171ef41-b317-492a-bd5c-45f915c26762,M-1555,SESS-20260703-8710-0078,RENTAL_ACCRUAL,24,44,2026-07-04T01:45:00+08:00
85e8bc85-7e85-419e-b9ee-7a0c5c03d984,M-1777,SESS-20260703-5548-0079,RENTAL_ACCRUAL,28,135,2026-07-03T20:30:00+08:00
29d0fbd3-14fe-4bc5-ac25-8f766266fc0e,M-1617,SESS-20260703-8433-0080,RENTAL_ACCRUAL,24,101,2026-07-03T09:00:00+08:00
07b3199b-7e0a-42a3-a2b0-73b5cb98be64,M-1617,TIER_UPGRADE_Standard_TO_Silver,TIER_BONUS,50,151,2026-07-03T09:00:00+08:00
7199a5bb-7c0f-41ea-b3f6-e258c33c4132,M-1256,SESS-20260703-1445-0081,RENTAL_ACCRUAL,10,80,2026-07-03T20:15:00+08:00
8e221387-5862-4afe-891e-a5a43bd04ab4,M-1491,SESS-20260703-7912-0082,RENTAL_ACCRUAL,15,32,2026-07-03T18:30:00+08:00
2479e9c4-3ac1-47f1-af2b-82bfa2911b06,M-1420,SESS-20260703-3167-0083,RENTAL_ACCRUAL,96,201,2026-07-03T21:00:00+08:00
3c1ec5b1-e2be-46e6-96d2-74433100c1bc,M-1238,SESS-20260703-3138-0084,RENTAL_REDEMPTION,-100,34,2026-07-03T22:00:00+08:00
6f246d63-34fe-4f94-8f2e-d5e1fa8971b0,M-1238,SESS-20260703-3138-0084,RENTAL_ACCRUAL,20,54,2026-07-04T03:00:00+08:00
d851347e-3206-43d5-8a1a-657183a7c446,M-2159,SESS-20260703-3887-0085,RENTAL_ACCRUAL,8,28,2026-07-03T22:50:00+08:00
0e039706-f3e2-44b6-85a2-c2da83fc8b2e,M-1065,SESS-20260703-2253-0086,RENTAL_ACCRUAL,27,458,2026-07-03T22:35:00+08:00
cfb18b4c-9f07-4acb-a567-ed731cef3261,M-1571,SESS-20260703-1778-0087,RENTAL_ACCRUAL,25,130,2026-07-04T02:45:00+08:00
075be2fe-d387-466f-94dd-acbf7b0f1729,M-1363,SESS-20260703-5857-0088,RENTAL_ACCRUAL,24,85,2026-07-03T22:45:00+08:00
d2f7f19c-3663-46a3-a74f-90debf4d1e5f,M-1565,SESS-20260703-3285-0089,RENTAL_ACCRUAL,16,318,2026-07-03T21:15:00+08:00
1f139324-5256-4769-839c-51847226bc49,M-1324,SESS-20260703-5464-0090,RENTAL_ACCRUAL,15,51,2026-07-03T09:45:00+08:00
682445a0-955a-4d42-a7c1-fcc7fdd96dfb,M-1514,SESS-20260703-9726-0091,RENTAL_ACCRUAL,5,118,2026-07-03T23:30:00+08:00
76e733c9-a600-4bbb-8294-f5f21b0d0054,M-1249,SESS-20260703-3745-0092,RENTAL_REDEMPTION,-100,43,2026-07-03T13:30:00+08:00
7e9b3929-21f8-4b49-939c-43f4eea69e7f,M-1773,SESS-20260703-3610-0093,RENTAL_ACCRUAL,40,143,2026-07-04T00:00:00+08:00
84b9d02d-c98d-4aea-942e-6af3b8a69b30,M-1474,SESS-20260703-4984-0094,RENTAL_ACCRUAL,13,508,2026-07-03T20:45:00+08:00
5fc05140-d885-45cf-937e-476cc6eb00fd,M-1008,SESS-20260703-9797-0095,RENTAL_ACCRUAL,40,115,2026-07-04T05:00:00+08:00
7ea6ae5a-1445-4b27-b8d8-94c5daab1ec3,M-1436,SESS-20260703-3114-0096,RENTAL_ACCRUAL,27,76,2026-07-03T23:15:00+08:00
1638853b-8af4-4cce-8b42-9d2d7a169b31,M-1348,SESS-20260703-8697-0097,RENTAL_ACCRUAL,16,132,2026-07-04T01:00:00+08:00
0a3aa45f-14b3-4715-aa24-f98c9f8d58e2,M-1686,SESS-20260703-6642-0098,RENTAL_ACCRUAL,15,176,2026-07-03T19:50:00+08:00
1802bf9e-1bec-4c9c-ba54-cb87bec736e7,M-1043,SESS-20260703-6424-0099,RENTAL_ACCRUAL,28,782,2026-07-04T02:15:00+08:00
0ebf6c02-e230-417c-a19a-1762896290e2,M-1815,SESS-20260703-8506-0100,RENTAL_ACCRUAL,40,82,2026-07-04T00:15:00+08:00
e08c4e71-a19f-419c-8af9-0daf651832a9,M-1572,SESS-20260703-2132-0101,RENTAL_ACCRUAL,24,44,2026-07-04T00:45:00+08:00
aafd0104-1f41-4f4b-8be9-aa213b5844f1,M-1661,SESS-20260703-6624-0102,RENTAL_ACCRUAL,12,3038,2026-07-03T23:30:00+08:00
d26e4f56-b819-4462-bd9f-6cffc321e6e0,M-1271,SESS-20260703-8065-0103,RENTAL_ACCRUAL,10,51,2026-07-03T22:30:00+08:00
98b4ddab-2e3c-437d-a04c-a8795201538f,M-1639,SESS-20260703-3671-0104,RENTAL_ACCRUAL,24,61,2026-07-03T22:15:00+08:00
38be4bcd-0767-43c7-8149-41d82761868e,M-1707,SESS-20260703-7934-0105,RENTAL_ACCRUAL,12,1625,2026-07-03T22:30:00+08:00
cc2b0a9c-018d-4e66-a187-44d052ab5714,M-1608,SESS-20260703-3615-0106,RENTAL_ACCRUAL,15,165,2026-07-03T23:25:00+08:00
aea5eeb0-a630-41c6-912e-b5eda42579d3,M-1609,SESS-20260703-3109-0107,RENTAL_ACCRUAL,27,685,2026-07-03T20:50:00+08:00
962ba815-43f4-4cc8-b2fd-20835a26051e,M-1248,SESS-20260703-9266-0108,RENTAL_ACCRUAL,15,48,2026-07-03T17:00:00+08:00
56959c11-6156-4b72-b620-afa866ae8fb4,M-1365,SESS-20260703-6250-0109,RENTAL_ACCRUAL,16,171,2026-07-04T00:30:00+08:00
716742ad-5ded-4cc0-8f2c-ac8759e1c6d7,M-1018,SESS-20260703-4579-0110,RENTAL_ACCRUAL,16,129,2026-07-03T20:00:00+08:00
2e097ff2-d6b3-44a3-9a05-39992e227728,M-1133,SESS-20260703-3714-0111,RENTAL_ACCRUAL,12,975,2026-07-03T20:55:00+08:00
b6160859-6a50-4d81-83e1-6fd81606f5a1,M-1596,SESS-20260703-9104-0112,RENTAL_ACCRUAL,11,262,2026-07-04T00:30:00+08:00
026ec8f2-6ac0-4f8d-a338-bf7a607c02bb,M-1397,SESS-20260703-5921-0113,RENTAL_REDEMPTION,-100,315,2026-07-03T20:15:00+08:00
169c927f-dffa-4335-813f-47c00439ef5a,M-1397,SESS-20260703-5921-0113,RENTAL_ACCRUAL,10,325,2026-07-03T23:15:00+08:00
4b082093-6605-4536-9361-ac93b6f820a8,M-1354,SESS-20260703-3146-0114,RENTAL_ACCRUAL,16,164,2026-07-04T01:00:00+08:00
face0f10-201c-4939-b9f8-70a3c792ef3f,M-1793,SESS-20260703-3687-0115,RENTAL_ACCRUAL,67,818,2026-07-04T01:55:00+08:00
9a701b6e-e7d1-4a81-838d-3d56cd935706,M-1625,SESS-20260703-5904-0116,RENTAL_ACCRUAL,30,2957,2026-07-03T20:00:00+08:00
26635d3b-6d9a-414e-a264-fcfec02b824f,M-1824,SESS-20260703-7319-0117,RENTAL_REDEMPTION,-100,15,2026-07-03T15:30:00+08:00
0f163f57-194b-488b-9b44-614155662636,M-1794,SESS-20260703-1928-0118,RENTAL_ACCRUAL,24,174,2026-07-04T00:50:00+08:00
0030e846-f89e-4df5-8116-cea3eada7a66,M-1094,SESS-20260703-5661-0119,RENTAL_ACCRUAL,5,122,2026-07-03T21:15:00+08:00
c401032a-ab0e-4a6b-bd13-4ed8756f7f1d,M-1660,SESS-20260703-1361-0120,RENTAL_ACCRUAL,10,99,2026-07-03T16:40:00+08:00
fe8d11fe-945a-4a0a-b304-0470aa477d4d,M-1040,SESS-20260703-3699-0121,RENTAL_ACCRUAL,40,86,2026-07-03T19:00:00+08:00
b83d2b59-fb45-48a7-9aba-2fb3182d2db6,M-1290,SESS-20260703-8838-0122,RENTAL_ACCRUAL,15,21,2026-07-03T18:00:00+08:00
a0d2865f-8f29-4dac-85ca-fa2d691f4c04,M-1333,SESS-20260703-1133-0123,RENTAL_ACCRUAL,60,149,2026-07-04T04:15:00+08:00
d87080d7-9458-47cf-b031-a72fa984de8e,M-1801,SESS-20260703-5957-0124,RENTAL_ACCRUAL,40,103,2026-07-04T06:00:00+08:00
88cc9a00-def3-4bbf-a1fd-68e4f9bd758e,M-1207,SESS-20260703-8084-0125,RENTAL_ACCRUAL,10,25,2026-07-03T19:30:00+08:00
c992a107-8ead-4a94-96b3-1218c5462ae7,M-1506,SESS-20260703-3104-0126,RENTAL_ACCRUAL,5,101,2026-07-03T22:45:00+08:00
7cb96903-8eaf-482d-8601-9debbb98a546,M-1635,SESS-20260703-4666-0127,RENTAL_REDEMPTION,-100,24,2026-07-03T19:00:00+08:00
8be19834-0047-4ba8-a9cf-61c89f49e4ae,M-1635,SESS-20260703-4666-0127,RENTAL_ACCRUAL,10,34,2026-07-03T22:00:00+08:00
4fde84ab-1fc6-4ba7-b533-6cdde0446434,M-1310,SESS-20260703-3585-0128,RENTAL_ACCRUAL,24,41,2026-07-04T01:45:00+08:00
bf405c8b-d490-4ff6-9146-73316246e16d,M-1605,SESS-20260703-3524-0129,RENTAL_ACCRUAL,15,59,2026-07-04T00:30:00+08:00
bc202b77-0ffa-4d3a-9add-3792bc53fa0e,M-1576,SESS-20260703-2541-0130,RENTAL_ACCRUAL,12,1291,2026-07-03T21:30:00+08:00
25c87ea4-8ac4-4fee-9370-c07d28880f49,M-1519,SESS-20260703-8850-0131,RENTAL_ACCRUAL,15,76,2026-07-03T12:00:00+08:00
50a67ea9-98b0-4e17-b24d-1314d421cb1a,M-1270,SESS-20260703-9078-0132,RENTAL_ACCRUAL,45,767,2026-07-03T17:30:00+08:00
12246b53-cfaa-47b9-b205-d727208c5411,M-1968,SESS-20260703-8434-0133,RENTAL_ACCRUAL,10,72,2026-07-03T22:10:00+08:00
01d66c00-b346-408e-91c3-87bab8323059,M-1669,SESS-20260703-4704-0134,RENTAL_ACCRUAL,15,93,2026-07-03T22:30:00+08:00
48c86c64-078d-4c65-b78e-02f062c127f2,M-1201,SESS-20260703-9254-0135,RENTAL_ACCRUAL,5,146,2026-07-03T23:20:00+08:00
f84cd7cd-5fac-451d-87bc-c3e2c362781a,M-1032,SESS-20260703-7211-0136,RENTAL_ACCRUAL,15,49,2026-07-04T02:35:00+08:00
d40e03f3-d251-4976-95de-d72219e4c303,M-1609,SESS-20260703-7596-0137,RENTAL_ACCRUAL,5,690,2026-07-03T22:00:00+08:00
6e812ffc-944d-4857-9d5a-a1b94023e3b2,M-1252,SESS-20260703-5060-0138,RENTAL_ACCRUAL,40,440,2026-07-04T00:45:00+08:00
5ed54479-0bb5-4432-a0f2-b72ba3ce86b2,M-1698,SESS-20260703-1432-0139,RENTAL_ACCRUAL,5,147,2026-07-03T21:00:00+08:00
8cc1e5aa-d23a-4981-ad1d-f13208b4710e,M-1573,SESS-20260703-4542-0140,RENTAL_ACCRUAL,24,224,2026-07-03T16:30:00+08:00
7b5d0dbc-eb78-43f1-86ca-04442cb4497c,M-1548,SESS-20260703-9875-0141,RENTAL_ACCRUAL,11,146,2026-07-03T15:45:00+08:00
2d3c0ecf-55ee-44eb-a85e-bf8116dbb731,M-1344,SESS-20260703-9075-0142,RENTAL_ACCRUAL,18,718,2026-07-04T00:15:00+08:00
6d64541d-e5b7-4eeb-9813-2102113c9176,M-1564,SESS-20260703-6833-0143,RENTAL_ACCRUAL,15,200,2026-07-03T13:15:00+08:00
1ba92de1-8a24-4cdc-a5e0-6e84048a8136,M-1431,SESS-20260703-4518-0144,RENTAL_ACCRUAL,25,105,2026-07-04T04:00:00+08:00
5cd79399-998b-4dd3-a8b0-8a870e0cd4a9,M-1556,SESS-20260703-4378-0145,RENTAL_ACCRUAL,10,33,2026-07-03T21:15:00+08:00
8bf15137-8ca8-49d1-82ac-271838d87d43,M-1198,SESS-20260703-1533-0146,RENTAL_REDEMPTION,-200,2501,2026-07-03T20:15:00+08:00
56503561-bf1c-428b-bfba-d61ba23fc336,M-1198,SESS-20260703-1533-0146,RENTAL_ACCRUAL,33,2534,2026-07-04T01:15:00+08:00
434ad06d-e567-47bf-942d-b6820b14c1a0,M-1532,SESS-20260703-5480-0147,RENTAL_ACCRUAL,10,160,2026-07-03T23:30:00+08:00
4b6ad7cc-85b9-4979-8913-554a193e7a52,M-1237,SESS-20260703-1632-0148,RENTAL_ACCRUAL,8,153,2026-07-03T17:30:00+08:00
84f9f5a0-77f5-427e-b207-063b5a6ad093,M-1267,SESS-20260703-5946-0149,RENTAL_ACCRUAL,5,92,2026-07-03T22:45:00+08:00
61517eb7-c2d7-475c-99d7-bf19dae99e2e,M-1220,SESS-20260703-2190-0150,RENTAL_ACCRUAL,12,1536,2026-07-03T23:30:00+08:00
138e9b22-5d0b-471a-98b1-36adbedde547,M-1171,SESS-20260703-6453-0151,RENTAL_ACCRUAL,10,144,2026-07-03T20:00:00+08:00
b1493e16-6978-48ca-aecd-10da557911fc,M-1262,SESS-20260703-4792-0152,RENTAL_ACCRUAL,10,219,2026-07-04T01:40:00+08:00
50616c81-256c-42b1-842f-ec0a8b6a9195,M-1347,SESS-20260703-7721-0153,RENTAL_ACCRUAL,12,3408,2026-07-03T22:30:00+08:00
6672b953-298a-4815-ae7a-7c36196ca564,M-1424,SESS-20260703-3255-0154,RENTAL_ACCRUAL,8,43,2026-07-04T00:05:00+08:00
463e0f6b-4d4f-43cc-aefe-31d22f8ce36b,M-1708,SESS-20260703-8291-0155,RENTAL_ACCRUAL,15,72,2026-07-04T00:30:00+08:00
61973128-a660-4de2-8443-9c9879f17ad3,M-1647,SESS-20260703-4173-0156,RENTAL_ACCRUAL,28,680,2026-07-03T23:30:00+08:00
3b9534a8-d4f5-4da5-b72f-cecf9f0c365f,M-1177,SESS-20260703-6418-0157,RENTAL_ACCRUAL,24,159,2026-07-03T21:00:00+08:00
f0eab840-c291-4c2b-9652-1dd76b9b112f,M-1488,SESS-20260703-6795-0158,RENTAL_ACCRUAL,24,215,2026-07-03T22:15:00+08:00
9c6dea65-ee09-463a-8c8c-c946d24b10ea,M-1473,SESS-20260703-6225-0159,RENTAL_ACCRUAL,10,147,2026-07-03T20:35:00+08:00
79eccf53-06fa-4213-9c8e-65d7bae2ffbc,M-1729,SESS-20260703-4734-0160,RENTAL_ACCRUAL,40,105,2026-07-03T20:00:00+08:00
47e2b2a6-54b9-4173-a548-80b191f434c4,M-1700,SESS-20260703-1868-0161,RENTAL_ACCRUAL,5,55,2026-07-04T00:40:00+08:00
7232e9d3-edd8-459c-a338-6276cfbbd0c9,M-1730,SESS-20260703-6535-0162,RENTAL_ACCRUAL,5,27,2026-07-03T17:00:00+08:00
4b411184-8488-4aea-9a59-7ae2174655e7,M-1093,SESS-20260703-5725-0163,RENTAL_ACCRUAL,15,82,2026-07-04T01:30:00+08:00
0b9a81e3-3cc3-4656-ba30-d3ebc7e16cfe,M-1416,SESS-20260703-3042-0164,RENTAL_ACCRUAL,12,2752,2026-07-04T01:15:00+08:00
ae93692e-58fa-4f04-a54b-f3a6347c83e6,M-1388,SESS-20260703-8476-0165,RENTAL_ACCRUAL,60,134,2026-07-03T19:45:00+08:00
ed181fa9-6d09-459b-a180-3e77c1993276,M-1388,TIER_UPGRADE_Standard_TO_Silver,TIER_BONUS,50,184,2026-07-03T19:45:00+08:00
382d30c9-ba49-4e32-ac49-a9f424d8e39d,M-1747,SESS-20260703-2060-0166,RENTAL_ACCRUAL,24,122,2026-07-03T23:45:00+08:00
a8fca55e-d4be-4f69-8657-97af75fb3154,M-1003,SESS-20260703-2979-0167,RENTAL_ACCRUAL,40,117,2026-07-04T01:00:00+08:00
89e7960e-afbf-4c68-b542-881e09e387d3,M-1264,SESS-20260703-2338-0168,RENTAL_ACCRUAL,25,171,2026-07-04T04:30:00+08:00
620e4f66-67d5-4e38-b750-c1975a2ff874,M-1820,SESS-20260703-5947-0169,RENTAL_ACCRUAL,10,126,2026-07-03T22:45:00+08:00
06b185f4-125c-4627-a2ab-864afbd9cb90,M-1509,SESS-20260703-5790-0170,RENTAL_ACCRUAL,9,278,2026-07-04T00:00:00+08:00
854efb65-17ef-447a-8852-e18c40b9e682,M-1663,SESS-20260703-8526-0171,RENTAL_ACCRUAL,40,117,2026-07-03T19:15:00+08:00
114e871d-63e6-4d2e-9b00-f544ca415758,M-1787,SESS-20260703-1227-0172,RENTAL_ACCRUAL,40,51,2026-07-04T00:15:00+08:00
3eb25096-5fcf-4321-8140-cab2ffe243de,M-1446,SESS-20260703-4683-0173,RENTAL_ACCRUAL,24,65,2026-07-03T22:45:00+08:00
79a66f0d-9725-4583-808f-13951e2456bd,M-1554,SESS-20260703-3883-0174,RENTAL_ACCRUAL,16,578,2026-07-04T00:45:00+08:00
70571957-9842-4be5-8f73-92f19c70ff5b,M-1438,SESS-20260703-5524-0175,RENTAL_ACCRUAL,28,2686,2026-07-03T23:55:00+08:00
09199b91-971d-48c2-959f-279bc1f94c72,M-1359,SESS-20260703-6469-0176,RENTAL_REDEMPTION,-100,1756,2026-07-03T22:55:00+08:00
e2aad9f5-a492-4db4-8f1e-8c004c19ee6b,M-1359,SESS-20260703-6469-0176,RENTAL_ACCRUAL,4,1760,2026-07-04T00:55:00+08:00
f750af39-47e9-403a-b4ae-e76958fcd0ec,M-1184,SESS-20260703-4698-0177,RENTAL_ACCRUAL,12,962,2026-07-03T20:15:00+08:00
691a5740-b2c0-4b25-b67f-a56217f45125,M-1381,SESS-20260703-1165-0178,RENTAL_ACCRUAL,11,303,2026-07-03T18:30:00+08:00
1357a214-4967-4fe0-8f1f-aa7ee7339559,M-1663,SESS-20260703-8841-0179,RENTAL_REDEMPTION,-100,17,2026-07-03T22:45:00+08:00
03cab51e-b4fd-4f8b-bb14-da8b036250aa,M-1663,SESS-20260703-8841-0179,RENTAL_ACCRUAL,5,22,2026-07-04T00:45:00+08:00
28d47539-88aa-4b8c-8043-501274b2aad8,M-1589,SESS-20260703-1405-0180,RENTAL_ACCRUAL,15,86,2026-07-04T02:40:00+08:00
09335a74-61e5-4787-a808-d9f6881d0363,M-1786,SESS-20260703-4180-0181,RENTAL_ACCRUAL,11,384,2026-07-03T22:15:00+08:00
1a057b52-91c9-4268-af9b-6366e8aa7c45,M-1751,SESS-20260703-1871-0182,RENTAL_ACCRUAL,25,73,2026-07-03T19:45:00+08:00
ef94f95c-3166-42d4-bbd9-ee8e26a31122,M-1012,SESS-20260703-4221-0183,RENTAL_ACCRUAL,36,152,2026-07-03T16:15:00+08:00
397d33b2-b173-4bfb-aa6d-d28100aabfc8,M-1376,SESS-20260703-2351-0184,RENTAL_ACCRUAL,24,116,2026-07-03T14:15:00+08:00
d077634b-3955-4cdb-9f43-5982d1183ce5,M-1225,SESS-20260703-7089-0185,RENTAL_ACCRUAL,10,112,2026-07-03T18:00:00+08:00
8833bce1-1924-4c76-8837-8c38643e8137,M-1746,SESS-20260703-3360-0186,RENTAL_ACCRUAL,24,81,2026-07-03T17:30:00+08:00
eb91de97-9494-4d98-b18a-34074a7c1644,M-1685,SESS-20260703-4379-0187,RENTAL_REDEMPTION,-100,382,2026-07-03T17:15:00+08:00
2875612d-87d6-41cd-8127-64feba120f1e,M-1685,SESS-20260703-4379-0187,RENTAL_ACCRUAL,5,387,2026-07-03T19:15:00+08:00
731ec343-540a-4ca3-84bb-6eeeb3d741b5,M-1617,SESS-20260703-4345-0188,RENTAL_ACCRUAL,16,167,2026-07-04T00:15:00+08:00
9e9e3fa8-e6b7-4322-8db0-0ac169277a32,M-1480,SESS-20260703-9484-0189,RENTAL_ACCRUAL,40,176,2026-07-04T04:30:00+08:00
b0333f8a-ba0e-45df-8bca-d9954ad432d6,M-1097,SESS-20260703-7129-0190,RENTAL_ACCRUAL,10,104,2026-07-03T23:05:00+08:00
2bb2f732-d435-4cb0-a8c2-cc19f89d78c6,M-1799,SESS-20260703-1489-0191,RENTAL_ACCRUAL,24,31,2026-07-04T00:30:00+08:00
4d1fb9df-e699-4950-b765-9390ef2d2535,M-1755,SESS-20260703-1603-0192,RENTAL_ACCRUAL,25,179,2026-07-03T23:10:00+08:00
21a5dd64-e960-41ea-8c42-faa9f4a25689,M-1483,SESS-20260703-5879-0193,RENTAL_ACCRUAL,16,102,2026-07-03T21:30:00+08:00
12ca9b6d-d836-485f-be11-62fb8ed58893,M-1573,SESS-20260703-2458-0194,RENTAL_ACCRUAL,16,240,2026-07-04T00:45:00+08:00
76439501-1f8b-4613-8075-dbf306e431a4,M-1587,SESS-20260703-5213-0195,RENTAL_ACCRUAL,19,1045,2026-07-03T21:45:00+08:00
d74d2602-8443-44ae-ad90-3ec5bcbe3c2e,M-1293,SESS-20260703-7029-0196,RENTAL_ACCRUAL,15,229,2026-07-03T23:30:00+08:00
c580d340-734a-4e3d-98ed-01af24fc6e8f,M-1293,TIER_UPGRADE_Standard_TO_Silver,TIER_BONUS,50,279,2026-07-03T23:30:00+08:00
48aa9ce8-6a02-4bb6-9424-12770234b742,M-1154,SESS-20260703-2491-0197,RENTAL_ACCRUAL,5,79,2026-07-03T21:05:00+08:00
04f63e49-397b-4ea9-b32f-5aeaec9f517f,M-1386,SESS-20260703-7398-0198,RENTAL_REDEMPTION,-100,35,2026-07-03T21:15:00+08:00
60384641-33d6-4164-9bae-d9a3630f82fe,M-1386,SESS-20260703-7398-0198,RENTAL_ACCRUAL,5,40,2026-07-03T23:15:00+08:00
519807dc-a476-4f68-9ca2-1972d300750a,M-1210,SESS-20260703-5389-0199,RENTAL_ACCRUAL,67,798,2026-07-04T00:50:00+08:00
753252b8-ff72-4768-9816-6ee69d16add0,M-1817,SESS-20260703-3029-0200,RENTAL_ACCRUAL,16,46,2026-07-04T00:00:00+08:00
81bc05f5-a3b1-4299-9303-18b49ac69549,M-1745,SESS-20260703-3527-0201,RENTAL_REDEMPTION,-100,60,2026-07-03T20:45:00+08:00
a216b80c-cfd1-443c-8b1e-1c3683b3d9b4,M-1745,SESS-20260703-3527-0201,RENTAL_ACCRUAL,5,65,2026-07-03T22:45:00+08:00
e984d6c4-9607-48a6-8fa3-29212683cd2b,M-1442,SESS-20260703-1380-0202,RENTAL_ACCRUAL,10,126,2026-07-03T22:00:00+08:00
7077568a-4832-4af5-aa96-b13615196cc0,M-1790,SESS-20260703-6992-0203,RENTAL_ACCRUAL,60,78,2026-07-04T04:40:00+08:00
d4bbcc0a-9ce9-48db-b201-5c7f2f13f46d,M-1503,SESS-20260703-7856-0204,RENTAL_ACCRUAL,27,505,2026-07-04T01:30:00+08:00
bb711343-cffa-4701-816f-a0fce5d51f58,M-1706,SESS-20260703-8216-0205,RENTAL_ACCRUAL,27,563,2026-07-03T07:45:00+08:00
3b47777b-e8a1-4d1e-bd91-96017bf008f7,M-1819,SESS-20260703-8362-0206,RENTAL_ACCRUAL,10,79,2026-07-04T01:15:00+08:00
6d87ed36-2a6c-4d26-b506-65f6eb9a280e,M-1413,SESS-20260703-4511-0207,RENTAL_ACCRUAL,15,36,2026-07-03T21:50:00+08:00
b274f8e2-2207-46bd-9bf8-fa0cfd2742bc,M-1047,SESS-20260703-7388-0208,RENTAL_ACCRUAL,8,150,2026-07-03T19:20:00+08:00
f45965c6-1928-4c4f-8319-3df320811dcf,M-1228,SESS-20260703-6870-0209,RENTAL_ACCRUAL,10,159,2026-07-03T19:15:00+08:00
bba8b846-2ecc-4f30-ba5d-8af202bf3bcd,M-1115,SESS-20260703-2673-0210,RENTAL_ACCRUAL,5,25,2026-07-03T23:30:00+08:00
71a579d0-91b2-425a-b815-c396faf703fc,M-1560,SESS-20260703-6408-0211,RENTAL_ACCRUAL,5,94,2026-07-03T23:05:00+08:00
8067f9a5-539b-4541-b86e-89158a67ab47,M-1307,SESS-20260703-8814-0212,RENTAL_ACCRUAL,5,130,2026-07-03T22:25:00+08:00
eb98a5f5-ec2e-4a1d-b56e-a9b67d7aedd9,M-1597,SESS-20260703-4051-0213,RENTAL_REDEMPTION,-100,27,2026-07-03T21:40:00+08:00
21bcf5d7-f2dd-45d5-94a4-91bf4b69c432,M-1597,SESS-20260703-4051-0213,RENTAL_ACCRUAL,19,46,2026-07-04T00:40:00+08:00
f0f25a41-30a5-4c46-8dfe-3c3ad145f70e,M-1836,SESS-20260703-6128-0214,RENTAL_ACCRUAL,15,68,2026-07-04T01:50:00+08:00
e910877a-5bee-4cc9-97ce-71f09475e902,M-1655,SESS-20260703-5959-0215,RENTAL_ACCRUAL,15,78,2026-07-04T00:00:00+08:00
48229c78-4efb-4fc7-bfc9-994be6a57691,M-1382,SESS-20260703-9909-0216,RENTAL_ACCRUAL,10,73,2026-07-03T19:15:00+08:00
6dc363ef-d7a1-4852-b150-5785c5b35811,M-1229,SESS-20260703-1005-0217,RENTAL_ACCRUAL,8,147,2026-07-03T22:00:00+08:00
d714baba-c814-4490-9ae8-6071fa0a2720,M-1012,SESS-20260703-5821-0218,RENTAL_REDEMPTION,-100,52,2026-07-03T23:20:00+08:00
8427f066-ebc3-4fc5-a76a-030879e8f301,M-1012,SESS-20260703-5821-0218,RENTAL_ACCRUAL,10,62,2026-07-04T02:20:00+08:00
370903b7-19b1-4f28-a688-8cac41e500aa,M-1593,SESS-20260703-7572-0219,RENTAL_ACCRUAL,15,88,2026-07-03T21:45:00+08:00
d4ad8850-332c-4b66-8adc-7aad9ba04cad,M-1345,SESS-20260703-4647-0220,RENTAL_REDEMPTION,-100,189,2026-07-03T20:00:00+08:00
fdd68390-4839-4434-a799-1be4d5b33f7d,M-1345,SESS-20260703-4647-0220,RENTAL_ACCRUAL,61,250,2026-07-04T01:00:00+08:00
a12d3549-d8cc-45d0-af23-6826634c4062,M-1677,SESS-20260703-8913-0221,RENTAL_ACCRUAL,16,86,2026-07-04T00:30:00+08:00
4d8f8a7f-83cc-4a4d-b672-bdb172240f5e,M-1719,SESS-20260703-7923-0222,RENTAL_ACCRUAL,5,108,2026-07-03T23:30:00+08:00
0bab48cd-f3bc-4ee4-be41-0b5272b9371b,M-1144,SESS-20260703-4190-0223,RENTAL_ACCRUAL,10,58,2026-07-03T19:15:00+08:00
3ba13c69-7152-4b59-b734-1c3ff49c31da,M-1791,SESS-20260703-1677-0224,RENTAL_ACCRUAL,5,592,2026-07-03T20:15:00+08:00
42874528-ae06-4dfe-ad20-993c71f9a57d,M-1734,SESS-20260703-7367-0225,RENTAL_ACCRUAL,18,876,2026-07-03T19:30:00+08:00
df497f01-9770-46ee-9031-f0c0f261d9dc,M-2025,SESS-20260703-2203-0226,RENTAL_ACCRUAL,15,105,2026-07-03T23:25:00+08:00
d018c9a2-80ab-4ccb-994a-52d0471ae35e,M-1125,SESS-20260703-4768-0227,RENTAL_ACCRUAL,11,548,2026-07-03T20:00:00+08:00
897b0237-5113-40a3-b2c4-ce7a315c30fe,M-1187,SESS-20260703-9322-0228,RENTAL_ACCRUAL,12,142,2026-07-03T23:15:00+08:00
1b7048c1-4291-4cd7-a70a-3c93002ff58b,M-1227,SESS-20260703-6584-0229,RENTAL_REDEMPTION,-300,209,2026-07-03T19:40:00+08:00
6c4576d2-6b4e-4093-a086-d43a981c4218,M-1227,SESS-20260703-6584-0229,RENTAL_ACCRUAL,8,217,2026-07-03T22:40:00+08:00
be6dfc63-94af-4ac5-87fb-d6b909df4b23,M-1296,SESS-20260703-2459-0230,RENTAL_ACCRUAL,9,550,2026-07-03T21:15:00+08:00
bfbdf66a-20d5-46f2-846b-721968df3b2b,M-1827,SESS-20260703-1696-0231,RENTAL_ACCRUAL,24,100,2026-07-03T23:30:00+08:00
1bca3344-c794-4057-81fc-54f551af20d5,M-1263,SESS-20260703-4868-0232,RENTAL_ACCRUAL,40,137,2026-07-04T03:45:00+08:00
a4bf7fb5-9e98-42bd-811b-a724eb8ab7ef,M-1135,SESS-20260703-8483-0233,RENTAL_ACCRUAL,24,77,2026-07-03T22:00:00+08:00
045e88fe-2dfe-4fbd-92dd-b75047788e68,M-1466,SESS-20260703-8259-0234,RENTAL_ACCRUAL,18,3357,2026-07-03T21:30:00+08:00
ceed8e62-6590-471a-9b9f-45ae3e5895cc,M-1400,SESS-20260703-6658-0235,RENTAL_ACCRUAL,16,67,2026-07-04T00:40:00+08:00
179e87ea-b7fc-4b0d-977e-0131c961b811,M-1538,SESS-20260703-7567-0236,RENTAL_ACCRUAL,10,20,2026-07-03T13:30:00+08:00
6620490b-c46b-44f8-a67b-a7923a974cdc,M-1015,SESS-20260703-8307-0237,RENTAL_REDEMPTION,-100,50,2026-07-03T19:30:00+08:00
740afb87-1756-4998-b33e-a7b02458e5aa,M-1015,SESS-20260703-8307-0237,RENTAL_ACCRUAL,5,55,2026-07-03T21:30:00+08:00
bd6bfc19-12de-4cdb-8588-6dd5625f31b9,M-1761,SESS-20260703-1554-0238,RENTAL_ACCRUAL,10,54,2026-07-03T23:55:00+08:00
910dd439-cab4-45d8-994a-b6bc1209c2eb,M-1249,SESS-20260703-3024-0239,RENTAL_ACCRUAL,15,58,2026-07-04T02:25:00+08:00
52d501d2-a9c5-4bfd-8028-f413df642974,M-1272,SESS-20260703-4224-0240,RENTAL_ACCRUAL,12,1525,2026-07-04T00:45:00+08:00
be59bd47-2391-4c51-9a89-2266c344345b,M-1558,SESS-20260703-5976-0241,RENTAL_ACCRUAL,36,114,2026-07-04T00:45:00+08:00
bb8bd30a-cb57-4d53-bea4-eb0ffa8e98c5,M-1544,SESS-20260703-9471-0242,RENTAL_REDEMPTION,-100,67,2026-07-03T18:00:00+08:00
df778474-b379-4a67-983e-e4525d2e0691,M-1544,SESS-20260703-9471-0242,RENTAL_ACCRUAL,5,72,2026-07-03T20:00:00+08:00
1d1bc54b-8ce1-485c-9ad6-ce93d067d8bd,M-1155,SESS-20260703-7691-0243,RENTAL_ACCRUAL,16,769,2026-07-04T02:45:00+08:00
f5a6903c-6b53-4176-9142-1b1223381515,M-1776,SESS-20260703-3442-0244,RENTAL_ACCRUAL,5,103,2026-07-03T23:15:00+08:00
120f18b7-4f70-45fa-a73e-e716e9c0902c,M-1540,SESS-20260703-1413-0245,RENTAL_ACCRUAL,25,208,2026-07-03T18:00:00+08:00
d31c1bd7-b8bc-4229-9305-f130ef86c448,M-1540,TIER_UPGRADE_Standard_TO_Silver,TIER_BONUS,50,258,2026-07-03T18:00:00+08:00
14fd464a-9c96-4aee-a18e-3926cc87d0e2,M-1568,SESS-20260703-8728-0246,RENTAL_ACCRUAL,10,117,2026-07-03T22:40:00+08:00
5d226079-ab11-446f-a832-97d24868a910,M-1389,SESS-20260703-9720-0247,RENTAL_ACCRUAL,11,397,2026-07-03T19:40:00+08:00
288dcb04-aca3-44a0-b3aa-1c26e1f3e36a,M-1971,SESS-20260703-2294-0248,RENTAL_ACCRUAL,15,48,2026-07-04T02:20:00+08:00
08b6aa14-8d97-4489-8923-55aa761dfc72,M-1381,SESS-20260703-3232-0249,RENTAL_ACCRUAL,5,308,2026-07-04T00:20:00+08:00
85a02e38-de7c-4c51-83b6-95429e168edb,M-1361,SESS-20260703-4354-0250,RENTAL_ACCRUAL,28,303,2026-07-04T03:45:00+08:00
362f729f-4224-42ed-8804-a21f4d006c3e,M-1284,SESS-20260703-3697-0251,RENTAL_ACCRUAL,25,127,2026-07-04T02:35:00+08:00
083abcbe-2da1-4aa4-b129-8ccd5100caad,M-1302,SESS-20260703-9131-0252,RENTAL_ACCRUAL,10,52,2026-07-03T19:15:00+08:00
6cddd29b-0e46-49e8-9581-640d1b95c6aa,M-1191,SESS-20260703-1671-0253,RENTAL_REDEMPTION,-100,22,2026-07-03T21:20:00+08:00
d64f0760-c61b-4d50-b3cb-1c1ecb97d330,M-1191,SESS-20260703-1671-0253,RENTAL_ACCRUAL,3,25,2026-07-03T22:20:00+08:00
d8f3cbaf-3530-4a3d-a726-46d03f1294d4,M-1320,SESS-20260703-9607-0254,RENTAL_ACCRUAL,27,781,2026-07-03T14:15:00+08:00
077e661e-101a-447b-afb1-fe0684442084,M-1019,SESS-20260703-7307-0255,RENTAL_ACCRUAL,8,52,2026-07-03T17:30:00+08:00
217b01db-b106-4bd9-ad70-5c665a3f8a46,M-1689,SESS-20260703-7187-0256,RENTAL_ACCRUAL,8,74,2026-07-03T21:45:00+08:00
72cd87f7-0ece-4165-9b9a-0a133c4bf5b9,M-1186,SESS-20260703-9827-0257,RENTAL_ACCRUAL,5,103,2026-07-03T18:15:00+08:00
54396d3a-ebdc-46b7-9701-1dda81b42e5b,M-1726,SESS-20260703-4236-0258,RENTAL_ACCRUAL,11,182,2026-07-03T21:35:00+08:00
6c5decfb-7adc-44fc-8b43-f3d71058d348,M-1779,SESS-20260703-7505-0259,RENTAL_REDEMPTION,-100,5,2026-07-03T19:30:00+08:00
aeaacd37-c051-4f05-a07c-d8ea5492f8ec,M-1208,SESS-20260703-5335-0260,RENTAL_ACCRUAL,6,2803,2026-07-03T23:50:00+08:00
f5611d25-0ed4-4229-b182-362c33f0e46f,M-1674,SESS-20260703-8094-0261,RENTAL_ACCRUAL,40,286,2026-07-04T07:35:00+08:00
f17ccd8a-1d89-49bf-9f75-7e2543fbbc1b,M-1756,SESS-20260703-7099-0262,RENTAL_ACCRUAL,48,2112,2026-07-04T03:30:00+08:00
2fe18bc8-a65c-477b-ba91-65d1f750c345,M-1834,SESS-20260703-9973-0263,RENTAL_ACCRUAL,10,189,2026-07-04T01:30:00+08:00
2411e746-5c29-4f14-98b5-2265e15cb5e6,M-1504,SESS-20260703-1212-0264,RENTAL_ACCRUAL,24,165,2026-07-03T22:15:00+08:00
3c3b3e3e-efd9-4a99-a562-e15016bea89b,M-1034,SESS-20260703-2741-0265,RENTAL_REDEMPTION,-100,164,2026-07-03T23:25:00+08:00
80c70cd9-a138-4e2c-bc9f-217787d21500,M-1034,SESS-20260703-2741-0265,RENTAL_ACCRUAL,61,225,2026-07-04T04:25:00+08:00
e45a2800-53e5-44bd-a632-e532a5144363,M-1394,SESS-20260703-5097-0266,RENTAL_ACCRUAL,5,459,2026-07-03T23:45:00+08:00
72867567-4d3b-4505-8377-0fae23c088e0,M-1038,SESS-20260703-1738-0267,RENTAL_ACCRUAL,12,121,2026-07-03T06:40:00+08:00
ad944990-3946-44ec-86d9-62b52c10d1e4,M-1230,SESS-20260703-9338-0268,RENTAL_ACCRUAL,11,620,2026-07-03T23:15:00+08:00
670c689e-8ce3-4ad5-8e9e-da55e6e1de15,M-1636,SESS-20260703-6964-0269,RENTAL_ACCRUAL,30,1566,2026-07-04T04:40:00+08:00
77dd184a-c854-4330-8ff8-916383299b0f,M-1122,SESS-20260703-2570-0270,RENTAL_REDEMPTION,-100,85,2026-07-03T23:40:00+08:00
073f3695-396a-46b0-9b57-595b9ffd790f,M-1122,SESS-20260703-2570-0270,RENTAL_ACCRUAL,5,90,2026-07-04T01:40:00+08:00
1a99ab81-fa7a-4e4f-a6a0-b4747303909b,M-1200,SESS-20260703-5448-0271,RENTAL_ACCRUAL,40,168,2026-07-04T00:25:00+08:00
9cef4d7e-d049-487d-ac6f-c3dae87bd7b9,M-1374,SESS-20260703-9112-0272,RENTAL_ACCRUAL,5,53,2026-07-04T00:40:00+08:00
d42afeee-1630-4beb-94f7-01e06f2553ff,M-1537,SESS-20260703-4719-0273,RENTAL_ACCRUAL,25,184,2026-07-04T04:00:00+08:00
e6d1a5cc-6ba2-4217-983e-4e35594db0e2,M-1835,SESS-20260703-1533-0274,RENTAL_ACCRUAL,24,112,2026-07-04T01:20:00+08:00
af2757c5-2882-46e4-9ef1-f81678afa367,M-1204,SESS-20260703-7601-0275,RENTAL_ACCRUAL,18,181,2026-07-03T22:15:00+08:00
7ab82db2-8707-4155-8cc3-683940c2a70e,M-1443,SESS-20260703-8655-0276,RENTAL_REDEMPTION,-100,43,2026-07-03T17:45:00+08:00
e5c1468d-30a1-4084-9194-0b34ed93a5ef,M-1443,SESS-20260703-8655-0276,RENTAL_ACCRUAL,19,62,2026-07-03T20:45:00+08:00
e48e1c08-8277-4fb9-a42b-41dc79930569,M-1764,SESS-20260703-3236-0277,RENTAL_REDEMPTION,-100,32,2026-07-03T20:45:00+08:00
9fe04e94-4706-44af-ad91-652d9fbbb113,M-1764,SESS-20260703-3236-0277,RENTAL_ACCRUAL,20,52,2026-07-04T01:45:00+08:00
8ed41d6e-37ef-42a0-9df7-dc417f6d6572,M-1609,SESS-20260703-5647-0278,RENTAL_REDEMPTION,-100,590,2026-07-03T22:55:00+08:00
a2e97e23-ccb6-4f0e-966e-a20deee6c54c,M-1609,SESS-20260703-5647-0278,RENTAL_ACCRUAL,2,592,2026-07-03T23:55:00+08:00
6cd9213e-1344-4499-8987-a55ff43771f6,M-1447,SESS-20260703-9737-0279,RENTAL_ACCRUAL,15,63,2026-07-04T00:35:00+08:00
642776fb-df0a-45ab-81f7-b89501192d42,M-1307,SESS-20260703-8560-0280,RENTAL_ACCRUAL,5,135,2026-07-03T23:30:00+08:00
6ce41948-a0ec-4d66-b55f-d23afeb5d518,M-1242,SESS-20260703-2428-0281,RENTAL_ACCRUAL,16,124,2026-07-03T23:15:00+08:00
736e6ce0-e6e5-4fa9-a922-49ef4ab5bf50,M-1615,SESS-20260703-4578-0282,RENTAL_REDEMPTION,-100,27,2026-07-03T22:00:00+08:00
c8f14bde-7612-4ce1-90ce-ebba6d00f3a9,M-1615,SESS-20260703-4578-0282,RENTAL_ACCRUAL,20,47,2026-07-04T03:00:00+08:00
14a2958b-d87e-4b6d-9078-8d7d77b67c4a,M-1360,SESS-20260703-8091-0283,RENTAL_ACCRUAL,25,101,2026-07-04T02:20:00+08:00
ae14d900-4007-4a53-95e3-401a2f075f47,M-1491,SESS-20260703-1946-0284,RENTAL_ACCRUAL,15,47,2026-07-04T01:50:00+08:00
b3035575-684a-4bdd-b124-9e664dbc804a,M-1085,SESS-20260703-6334-0285,RENTAL_ACCRUAL,16,134,2026-07-03T18:30:00+08:00
70e8a6bd-db2a-4838-bb78-c23f8c5a8c0f,M-1642,SESS-20260703-6607-0286,RENTAL_ACCRUAL,13,338,2026-07-03T22:30:00+08:00
be9bd148-d4f6-4e19-8041-309c431a86ea,M-1367,SESS-20260703-5337-0287,RENTAL_ACCRUAL,25,166,2026-07-03T17:15:00+08:00
9e3b2640-886d-49e2-af4d-3e3e17a4a0cc,M-1814,SESS-20260703-3949-0288,RENTAL_ACCRUAL,10,102,2026-07-04T01:55:00+08:00
399ff5b2-210c-4abf-8207-59db440a773a,M-1132,SESS-20260703-9711-0289,RENTAL_ACCRUAL,6,611,2026-07-03T21:00:00+08:00
d32a7ea4-f692-4b61-b60b-5de6f2f88c2b,M-1057,SESS-20260703-3038-0290,RENTAL_ACCRUAL,25,65,2026-07-04T02:15:00+08:00
abffe7a8-dd4c-47ad-ba5a-2d526534be4d,M-1539,SESS-20260703-6398-0291,RENTAL_ACCRUAL,18,2628,2026-07-04T02:10:00+08:00
c692f2e7-3d30-4c73-b73b-f03ff2850601,M-1334,SESS-20260703-9362-0292,RENTAL_ACCRUAL,25,113,2026-07-04T01:00:00+08:00
8e1504be-25d4-49b6-b02b-7fdcbb2bf13a,M-1423,SESS-20260703-6916-0293,RENTAL_ACCRUAL,25,75,2026-07-04T03:40:00+08:00
65b86b68-03e6-44f1-9c38-1594b310c5af,M-1308,SESS-20260703-8405-0294,RENTAL_ACCRUAL,15,111,2026-07-04T00:45:00+08:00
e1ad9b20-74a8-48f9-9687-0b8f3b0fd424,M-1040,SESS-20260703-2017-0295,RENTAL_ACCRUAL,24,110,2026-07-04T00:45:00+08:00
0d64762b-c529-4c7c-9226-50efcbfc5fe4,M-1583,SESS-20260703-7816-0296,RENTAL_ACCRUAL,25,103,2026-07-04T03:45:00+08:00
71e2989c-645f-4030-b57e-eebd5eb598b7,M-1501,SESS-20260703-4620-0297,RENTAL_REDEMPTION,-100,89,2026-07-03T23:35:00+08:00
c2417891-7c1f-43f8-8183-6fc14c66eae6,M-1501,SESS-20260703-4620-0297,RENTAL_ACCRUAL,10,99,2026-07-04T02:35:00+08:00
23df7f93-c8ef-4a58-a53b-b777cc1bc61d,M-1865,SESS-20260703-6834-0298,RENTAL_ACCRUAL,8,10,2026-07-03T23:30:00+08:00
19e1e569-49c6-4cb7-837d-af8de3857301,M-1026,SESS-20260703-7091-0299,RENTAL_ACCRUAL,18,1464,2026-07-04T01:30:00+08:00
fd3d2cbc-7a0c-4890-a14f-515e8899a7c6,M-1671,SESS-20260703-9721-0300,RENTAL_ACCRUAL,24,164,2026-07-04T00:45:00+08:00
f89b2617-e4ea-4018-bb71-3fa517731314,M-1445,SESS-20260703-8247-0301,RENTAL_ACCRUAL,36,131,2026-07-03T22:45:00+08:00
27483d50-f08e-44f5-8f14-b74cdbd39d12,M-1125,SESS-20260703-3279-0302,RENTAL_ACCRUAL,72,620,2026-07-04T06:00:00+08:00
2181d81a-3436-47c4-934e-59fae95f8700,M-1213,SESS-20260703-5421-0303,RENTAL_ACCRUAL,16,113,2026-07-03T16:00:00+08:00
56d8ec81-31d6-4bb1-a23c-ddf71921a63d,M-1309,SESS-20260703-6353-0304,RENTAL_ACCRUAL,10,148,2026-07-03T05:35:00+08:00
fe9201b4-4820-4d1f-bf56-ec5734471cd2,M-1395,SESS-20260703-6333-0305,RENTAL_ACCRUAL,16,101,2026-07-04T00:50:00+08:00
d08ec868-9982-4a3f-b863-a99647481af1,M-1425,SESS-20260703-3713-0306,RENTAL_ACCRUAL,16,83,2026-07-04T00:45:00+08:00
7bfb5f17-3893-4d84-8857-6f95601debb6,M-1299,SESS-20260703-8469-0307,RENTAL_REDEMPTION,-100,46,2026-07-03T18:05:00+08:00
9491da79-6628-442d-b775-74eb2faedcff,M-1085,SESS-20260703-9645-0308,RENTAL_ACCRUAL,10,144,2026-07-03T21:00:00+08:00
26931b41-2878-4486-9809-ee7cad84b132,M-1421,SESS-20260703-9027-0309,RENTAL_ACCRUAL,28,494,2026-07-04T03:45:00+08:00
3a12d5c1-5307-4f8b-84bc-409c1b6f518e,M-1613,SESS-20260703-3952-0310,RENTAL_REDEMPTION,-100,97,2026-07-03T15:45:00+08:00
ac70d605-46f4-4674-b54d-c0089b64b561,M-1613,SESS-20260703-3952-0310,RENTAL_ACCRUAL,5,102,2026-07-03T17:45:00+08:00
4712d69d-6d51-4a84-9eb7-d7703be04f23,M-1760,SESS-20260703-3023-0311,RENTAL_ACCRUAL,10,106,2026-07-04T01:45:00+08:00
35a91797-050d-4b36-b6ae-b7313038b7ba,M-1823,SESS-20260703-2806-0312,RENTAL_ACCRUAL,10,112,2026-07-03T19:45:00+08:00
1d5b298f-af43-423d-8664-584363003906,M-1023,SESS-20260703-3384-0313,RENTAL_ACCRUAL,10,19,2026-07-03T19:25:00+08:00
900b9535-73ac-4329-82ea-65f5f7884dde,M-1742,SESS-20260703-1126-0314,RENTAL_ACCRUAL,5,24,2026-07-03T17:00:00+08:00
02145ccd-6a25-4859-bab2-356ce63f36b1,M-1718,SESS-20260703-7858-0315,RENTAL_ACCRUAL,43,1172,2026-07-03T23:30:00+08:00
3d90a6c8-924e-4b41-bbc6-88f63bbbad05,M-1622,SESS-20260703-5660-0316,RENTAL_ACCRUAL,12,46,2026-07-03T23:25:00+08:00
132c4239-3f99-43a7-8803-a4e5f67bf5cf,M-1199,SESS-20260703-1047-0317,RENTAL_ACCRUAL,15,189,2026-07-03T14:30:00+08:00
0e639baa-99b2-41d2-a8ba-a1a25e3410a5,M-1063,SESS-20260703-3779-0318,RENTAL_REDEMPTION,-200,381,2026-07-03T23:00:00+08:00
8ef4c030-d62d-4451-8011-9b121dd0b116,M-1063,SESS-20260703-3779-0318,RENTAL_ACCRUAL,14,395,2026-07-04T01:00:00+08:00
c7b27d1c-e7ad-4977-b398-8dd9fb64aee4,M-1045,SESS-20260703-5849-0319,RENTAL_ACCRUAL,15,95,2026-07-03T21:30:00+08:00
dd3d0a61-85ff-4407-8571-761851ea260d,M-1378,SESS-20260703-7261-0320,RENTAL_ACCRUAL,25,139,2026-07-04T01:15:00+08:00
1d76ca8b-e397-4f59-8095-07af0633be1e,M-1739,SESS-20260703-2813-0321,RENTAL_ACCRUAL,5,82,2026-07-03T16:45:00+08:00
55ce74bf-473e-4f1d-a360-d205584ea9d7,M-1807,SESS-20260703-1052-0322,RENTAL_ACCRUAL,64,116,2026-07-04T00:05:00+08:00
b1e41c36-64b7-401f-bc7c-bf5ad9f33918,M-1807,TIER_UPGRADE_Standard_TO_Silver,TIER_BONUS,50,166,2026-07-04T00:05:00+08:00
ac84f79d-0701-434f-8d26-4cc1f8a1d037,M-1683,SESS-20260703-9583-0323,RENTAL_REDEMPTION,-100,680,2026-07-03T19:45:00+08:00
09eb9c64-13b8-4d19-b545-3e44c186243d,M-1683,SESS-20260703-9583-0323,RENTAL_ACCRUAL,10,690,2026-07-03T22:45:00+08:00
a4337065-bd3f-4d12-862c-ebd1d85014e8,M-1326,SESS-20260703-6931-0324,RENTAL_ACCRUAL,16,47,2026-07-03T13:45:00+08:00
97d726e3-625d-4ceb-aecb-4e2b7581b20c,M-1246,SESS-20260703-8529-0325,RENTAL_ACCRUAL,11,485,2026-07-03T23:40:00+08:00
325a0c5e-85b0-4a00-aae9-ce8ecbbe1340,M-1273,SESS-20260703-7816-0326,RENTAL_ACCRUAL,11,566,2026-07-03T22:10:00+08:00
b66a6f8f-c136-4516-8f87-1db39232ef55,M-1182,SESS-20260703-1591-0327,RENTAL_ACCRUAL,15,73,2026-07-04T01:45:00+08:00
858add7b-2596-46cc-897f-ddce7ee53cf3,M-1582,SESS-20260703-8198-0328,RENTAL_ACCRUAL,24,54,2026-07-03T23:00:00+08:00
19ed4fa2-72e6-417a-896f-58fdc8241afc,M-1494,SESS-20260703-9109-0329,RENTAL_ACCRUAL,10,99,2026-07-03T20:30:00+08:00
377e001f-c166-45c7-a34d-f8ec4a6150f2,M-1076,SESS-20260703-5935-0330,RENTAL_ACCRUAL,16,58,2026-07-04T01:40:00+08:00
8607ae25-3d50-4bc9-a568-ac2484aeb880,M-1507,SESS-20260703-3305-0331,RENTAL_ACCRUAL,15,121,2026-07-03T21:00:00+08:00
179ab1e9-c565-4d7f-90ca-37914928ba23,M-1826,SESS-20260703-6167-0332,RENTAL_ACCRUAL,40,98,2026-07-04T07:40:00+08:00
67479780-5f1a-41d4-b8cb-e9111d8e2558,M-1599,SESS-20260703-1022-0333,RENTAL_ACCRUAL,24,63,2026-07-04T00:10:00+08:00
e538f588-8c9a-4bf7-95dd-f1e857adcc8e,M-1638,SESS-20260703-4508-0334,RENTAL_ACCRUAL,25,113,2026-07-04T01:00:00+08:00
eceacb95-1b3b-4ee6-afff-bb82a7a64c84,M-2159,SESS-20260703-3643-0335,RENTAL_ACCRUAL,5,33,2026-07-04T00:30:00+08:00
d39bb1a4-2f7c-47ef-b9a8-2650347e531b,M-1174,SESS-20260703-5095-0336,RENTAL_ACCRUAL,15,38,2026-07-03T22:45:00+08:00
e154bab9-35e4-42cb-8047-f8d709abbfd1,M-1064,SESS-20260703-6579-0337,RENTAL_ACCRUAL,10,156,2026-07-03T23:10:00+08:00
ca8b1a90-0006-4ddd-a904-27e8005a9b8c,M-1119,SESS-20260703-2681-0338,RENTAL_ACCRUAL,25,70,2026-07-04T00:00:00+08:00
10fdfd75-05f4-40ad-ac13-606d3eea71ff,M-1526,SESS-20260703-7500-0339,RENTAL_ACCRUAL,11,643,2026-07-04T01:35:00+08:00
fa97b804-be48-47fa-8fb9-341a17278cd9,M-1516,SESS-20260703-9529-0340,RENTAL_ACCRUAL,24,103,2026-07-03T23:45:00+08:00
c3819d83-e4dd-4513-a19c-56193562000a,M-1368,SESS-20260703-3798-0341,RENTAL_ACCRUAL,10,261,2026-07-03T23:05:00+08:00
37c50680-a5a9-43ea-9fc6-889c8b2db846,M-1162,SESS-20260703-3284-0342,RENTAL_ACCRUAL,64,145,2026-07-03T21:15:00+08:00
4b1e14b7-4377-4543-96e0-827047d58cb7,M-1031,SESS-20260703-4242-0343,RENTAL_ACCRUAL,18,616,2026-07-03T15:45:00+08:00
d9250c71-1642-4b82-ab3d-f1ade2199160,M-1380,SESS-20260703-9078-0344,RENTAL_ACCRUAL,28,318,2026-07-03T14:00:00+08:00
ab38b0fa-2aec-48d8-9579-b6efa9450bce,M-1498,SESS-20260703-4832-0345,RENTAL_ACCRUAL,27,169,2026-07-04T01:15:00+08:00
bd31e5a3-eb34-4c98-873e-92ba82dc7a63,M-1672,SESS-20260703-5874-0346,RENTAL_REDEMPTION,-100,60,2026-07-03T20:00:00+08:00
8e152643-45de-40a0-b2d8-48e437f3735a,M-1672,SESS-20260703-5874-0346,RENTAL_ACCRUAL,35,95,2026-07-04T01:00:00+08:00
e4c530c0-ab00-4dba-a381-dee0bfcc610e,M-1832,SESS-20260703-2195-0347,RENTAL_ACCRUAL,40,156,2026-07-04T03:15:00+08:00
adcca858-6df5-461d-b922-efd6617bf9df,M-1285,SESS-20260703-7074-0348,RENTAL_ACCRUAL,36,140,2026-07-03T23:30:00+08:00
21a45452-ec24-4f09-b86a-8c188009b012,M-1689,SESS-20260703-8026-0349,RENTAL_ACCRUAL,10,84,2026-07-04T01:15:00+08:00
b8a84f51-faf1-442b-bffb-f3fbc9408483,M-1812,SESS-20260703-4769-0350,RENTAL_ACCRUAL,16,129,2026-07-03T14:00:00+08:00
5c9880d4-073c-4496-9f9c-b568900ed4fd,M-1157,SESS-20260703-1388-0351,RENTAL_ACCRUAL,5,160,2026-07-03T21:35:00+08:00
66ee1ee8-cb5b-46ed-bf15-a56b9f20530e,M-1433,SESS-20260703-4138-0352,RENTAL_REDEMPTION,-100,5,2026-07-03T14:15:00+08:00
5b5762e5-76c1-4aa5-b923-bea68d92b00b,M-1433,SESS-20260703-4138-0352,RENTAL_ACCRUAL,11,16,2026-07-03T16:15:00+08:00
ace9452a-6fb0-41d5-a607-3ab9d0816ed3,M-1364,SESS-20260703-5572-0353,RENTAL_ACCRUAL,5,321,2026-07-03T21:45:00+08:00
f6519855-4fd2-493d-bfaf-f2e47976104d,M-1529,SESS-20260703-8471-0354,RENTAL_ACCRUAL,15,156,2026-07-03T16:45:00+08:00
64dd3845-7f6b-436e-9073-018f03095fe6,M-1535,SESS-20260703-5479-0355,RENTAL_ACCRUAL,10,83,2026-07-03T08:45:00+08:00
819400e1-f54d-45e8-ba4d-3699873b1a16,M-1805,SESS-20260703-8595-0356,RENTAL_ACCRUAL,10,38,2026-07-03T21:55:00+08:00
73a269e7-49c6-426b-84a4-f324db9d78ac,M-1580,SESS-20260703-5200-0357,RENTAL_ACCRUAL,16,565,2026-07-03T14:45:00+08:00
e99fff1f-1f4a-46b0-b5c5-ceffe200d251,M-1610,SESS-20260703-9195-0358,RENTAL_ACCRUAL,10,55,2026-07-03T23:55:00+08:00
0925234f-2cad-4624-922a-49f36141ea6b,M-1083,SESS-20260703-8776-0359,RENTAL_ACCRUAL,10,43,2026-07-03T21:25:00+08:00
829c9be1-e1d3-47d9-81c4-4b68c76b9b93,M-1370,SESS-20260703-6067-0360,RENTAL_ACCRUAL,15,129,2026-07-04T02:15:00+08:00
7f23fb06-bbe3-43c2-a01b-8f4eb1b6bb86,M-1686,SESS-20260703-7706-0361,RENTAL_REDEMPTION,-100,76,2026-07-03T20:15:00+08:00
97852516-83cb-481e-95d4-107ba233730b,M-1686,SESS-20260703-7706-0361,RENTAL_ACCRUAL,10,86,2026-07-03T23:15:00+08:00
f51a883f-fe79-4bc9-991c-3cc05e09bec4,M-1188,SESS-20260703-6690-0362,RENTAL_ACCRUAL,72,456,2026-07-03T20:30:00+08:00
38de20a8-3a9e-4111-95c8-89582377cc9c,M-1212,SESS-20260703-6460-0363,RENTAL_ACCRUAL,8,104,2026-07-04T00:45:00+08:00
837d5067-fccc-458e-9901-21597bc51774,M-1396,SESS-20260703-3223-0364,RENTAL_ACCRUAL,10,134,2026-07-03T15:00:00+08:00
32b42c59-7d4d-4fd4-a99a-4172c1092916,M-1648,SESS-20260703-8679-0365,RENTAL_ACCRUAL,5,573,2026-07-03T23:15:00+08:00
02bda770-c3e3-4e93-aa96-b69a36ec5dcf,M-1269,SESS-20260703-6805-0366,RENTAL_ACCRUAL,10,146,2026-07-04T01:30:00+08:00
65b06821-eed1-41fe-b72e-a29cb573efd7,M-1235,SESS-20260703-3376-0367,RENTAL_ACCRUAL,5,403,2026-07-03T22:45:00+08:00
884b05ff-d6c6-4717-8e21-2be9c19b5ebb,M-1070,SESS-20260703-6840-0368,RENTAL_ACCRUAL,60,129,2026-07-04T01:15:00+08:00
ffb98268-a03a-4c8e-b3d5-6580b7391809,M-1582,SESS-20260703-2073-0369,RENTAL_ACCRUAL,8,62,2026-07-04T00:20:00+08:00
b902a2d1-d262-4297-beae-8823a9e22bc8,M-1282,SESS-20260703-9473-0370,RENTAL_ACCRUAL,45,181,2026-07-03T17:45:00+08:00
02af4a09-7f9b-43c4-b6d9-b549bc596c96,M-1019,SESS-20260703-1963-0371,RENTAL_ACCRUAL,10,62,2026-07-03T23:45:00+08:00
70b44c81-4750-4b9c-b1f9-2cbb203e5e19,M-1772,SESS-20260703-5019-0372,RENTAL_REDEMPTION,-200,19,2026-07-03T23:50:00+08:00
059b65b8-c554-4825-8fc3-d46985ebe5dd,M-1772,SESS-20260703-5019-0372,RENTAL_ACCRUAL,30,49,2026-07-04T04:50:00+08:00
f2ce92d7-37d3-4db6-89be-0d29ac09f7df,M-1772,TIER_UPGRADE_Standard_TO_Silver,TIER_BONUS,50,99,2026-07-04T04:50:00+08:00
e1fb4d6e-5b10-4c41-a18b-3aab6718d763,M-1015,SESS-20260703-9614-0373,RENTAL_ACCRUAL,8,63,2026-07-04T00:05:00+08:00
4b619d81-7ee7-432f-a066-af422f95550f,M-1069,SESS-20260703-1193-0374,RENTAL_ACCRUAL,16,79,2026-07-03T18:00:00+08:00
2e81e6d3-f974-441b-873a-13327df91744,M-1529,SESS-20260703-6581-0375,RENTAL_ACCRUAL,15,171,2026-07-04T01:55:00+08:00
9173b8f7-ff97-428d-b8a2-a1c14ab783bc,M-1449,SESS-20260703-5772-0376,RENTAL_REDEMPTION,-100,63,2026-07-03T21:40:00+08:00
8c2bf4cd-d427-4c73-af74-32aa656b4ba8,M-1449,SESS-20260703-5772-0376,RENTAL_ACCRUAL,20,83,2026-07-04T02:40:00+08:00
ba29de63-cfe3-4a14-99ef-b31a1eaedd51,M-1396,SESS-20260703-5847-0377,RENTAL_ACCRUAL,5,139,2026-07-03T19:05:00+08:00
b6625d5e-fdc6-4567-a4d0-e95d3aba9b5b,M-1803,SESS-20260703-7187-0378,RENTAL_ACCRUAL,12,90,2026-07-03T23:30:00+08:00
ea286851-a8fe-4a10-8f39-794fa810c8f9,M-1440,SESS-20260703-2501-0379,RENTAL_ACCRUAL,15,114,2026-07-03T19:45:00+08:00
9d120d3f-d2dd-4104-b8a2-136ca1ff80be,M-1164,SESS-20260703-2794-0380,RENTAL_ACCRUAL,12,169,2026-07-04T00:40:00+08:00
15cfe3e4-6990-413e-97d3-bc7988fd2560,M-1143,SESS-20260703-4613-0381,RENTAL_ACCRUAL,48,3516,2026-07-04T02:30:00+08:00
3f7ae02f-bd3a-4306-a71f-64b05c71fb67,M-1723,SESS-20260703-6577-0382,RENTAL_ACCRUAL,16,114,2026-07-04T01:55:00+08:00
5c250f15-08fd-4580-a9be-bd660b112849,M-1129,SESS-20260703-9783-0383,RENTAL_ACCRUAL,18,1181,2026-07-03T20:55:00+08:00
63e691d3-49c0-4d33-af3f-de1150e81d6f,M-1822,SESS-20260703-1452-0384,RENTAL_ACCRUAL,25,78,2026-07-04T03:45:00+08:00
5e4e1b2a-9b39-4e97-873d-a43c84a49131,M-1298,SESS-20260703-6039-0385,RENTAL_ACCRUAL,10,115,2026-07-04T01:50:00+08:00
47f2fe21-7e41-40a6-a196-330b9b4742e8,M-2092,SESS-20260703-3608-0386,RENTAL_ACCRUAL,60,86,2026-07-04T04:30:00+08:00
c2fa89fb-779b-4b52-9d68-289ccd492a94,M-1476,SESS-20260703-1115-0387,RENTAL_ACCRUAL,9,355,2026-07-03T06:30:00+08:00
08209003-c832-4a70-b4e0-1548f3e065db,M-1410,SESS-20260703-8094-0388,RENTAL_ACCRUAL,28,639,2026-07-04T00:45:00+08:00
435d52f5-e61a-4116-bcdd-3f67745c2d9e,M-1351,SESS-20260703-3288-0389,RENTAL_ACCRUAL,15,57,2026-07-04T01:25:00+08:00
df20ce7e-ed0b-48ba-aedc-364d4a748dfd,M-1551,SESS-20260703-9670-0390,RENTAL_ACCRUAL,15,26,2026-07-03T16:30:00+08:00
db2dc39b-de18-4c1b-812f-dd36c7cf30d4,M-1021,SESS-20260703-2835-0391,RENTAL_ACCRUAL,18,685,2026-07-04T00:15:00+08:00
02810c24-3548-4781-97d9-25d152d50a39,M-1673,SESS-20260703-6719-0392,RENTAL_ACCRUAL,25,64,2026-07-03T21:45:00+08:00
77597fdb-f509-4f36-b2f0-1aae9a30e94a,M-1145,SESS-20260703-1752-0393,RENTAL_ACCRUAL,27,613,2026-07-03T21:10:00+08:00
65982cc2-3351-4756-83ff-508c573c16b3,M-1535,SESS-20260703-4090-0394,RENTAL_ACCRUAL,24,107,2026-07-04T01:45:00+08:00
3b6de6ab-6a06-446c-b8cd-100eb7ec6a06,M-1507,SESS-20260703-9635-0395,RENTAL_ACCRUAL,8,129,2026-07-03T22:15:00+08:00
ac1fa1f9-c9c0-4518-9b4d-ef310c54dde7,M-1101,SESS-20260703-4646-0396,RENTAL_REDEMPTION,-200,86,2026-07-03T19:50:00+08:00
bf0500f0-a069-4790-8316-0d7b2c4ae148,M-1101,SESS-20260703-4646-0396,RENTAL_ACCRUAL,15,101,2026-07-04T00:50:00+08:00
9902aecd-ba7f-4aad-a416-3b5ffa1167ac,M-2044,SESS-20260703-3156-0397,RENTAL_ACCRUAL,10,17,2026-07-04T01:20:00+08:00
e739214d-e73e-4b3b-bcac-332b7edd0471,M-1706,SESS-20260703-8235-0398,RENTAL_ACCRUAL,67,630,2026-07-04T04:40:00+08:00
e3699469-3c67-4259-ac04-9d8ba74f0da9,M-1645,SESS-20260703-8232-0399,RENTAL_ACCRUAL,5,67,2026-07-03T22:15:00+08:00
e036ee04-886e-444c-b222-b9cc7624ea17,M-1224,SESS-20260703-1233-0400,RENTAL_REDEMPTION,-200,343,2026-07-03T18:00:00+08:00
aa0a6261-e064-4f36-90ac-7c4268254a3b,M-1224,SESS-20260703-1233-0400,RENTAL_ACCRUAL,4,347,2026-07-03T21:00:00+08:00
d8be1c72-9c63-4c9c-9cdb-861972262e9f,M-1775,SESS-20260703-9187-0401,RENTAL_REDEMPTION,-500,1392,2026-07-03T20:10:00+08:00
edeec61d-e6c9-4827-a107-fa7123056cbb,M-1775,SESS-20260703-9187-0401,RENTAL_ACCRUAL,10,1402,2026-07-04T04:10:00+08:00
bddb002f-bf5e-4d5c-91d0-dc17c6c8d1c4,M-1335,SESS-20260703-7998-0402,RENTAL_ACCRUAL,8,157,2026-07-03T22:00:00+08:00
70697b92-c8bb-4d74-92d5-252e069a9536,M-1335,TIER_UPGRADE_Standard_TO_Silver,TIER_BONUS,50,207,2026-07-03T22:00:00+08:00
632740f1-b039-43c5-a93d-e8c10ac543c7,M-1150,SESS-20260703-3338-0403,RENTAL_ACCRUAL,15,68,2026-07-04T02:50:00+08:00
fdcaf700-e187-4184-b1af-ea1a341262c4,M-1441,SESS-20260703-2726-0404,RENTAL_ACCRUAL,15,63,2026-07-03T22:30:00+08:00
20b3e1db-4a5f-4bec-b4d4-07fbb69937ab,M-1342,SESS-20260703-7504-0405,RENTAL_ACCRUAL,16,34,2026-07-04T00:20:00+08:00
4fe429cb-6988-40c6-83fd-31cd58bd8e3d,M-1080,SESS-20260703-2216-0406,RENTAL_ACCRUAL,16,129,2026-07-03T16:30:00+08:00
9adb0234-3aba-423c-8ae6-99d5cf63914f,M-1504,SESS-20260703-4722-0407,RENTAL_REDEMPTION,-100,65,2026-07-03T22:55:00+08:00
f783a621-7cb6-4328-a74b-b77760d2d395,M-1504,SESS-20260703-4722-0407,RENTAL_ACCRUAL,5,70,2026-07-04T00:55:00+08:00
d12413f8-cb00-4ab0-83ca-79f1bd14c00a,M-1030,SESS-20260703-1639-0408,RENTAL_ACCRUAL,16,41,2026-07-04T00:35:00+08:00
2ab1b64e-7ce6-42fe-8475-ff312aa7c058,M-1042,SESS-20260703-1068-0409,RENTAL_REDEMPTION,-100,6,2026-07-03T16:45:00+08:00
e9070580-32a2-4c43-94af-480ac1448e2c,M-1042,SESS-20260703-1068-0409,RENTAL_ACCRUAL,10,16,2026-07-03T19:45:00+08:00
34759d96-5d46-4e0d-b928-c341d291a232,M-1239,SESS-20260703-7437-0410,RENTAL_ACCRUAL,24,83,2026-07-03T23:35:00+08:00
9be7dee4-a691-4ffb-8825-6909b67b925c,M-1201,SESS-20260703-6625-0411,RENTAL_ACCRUAL,10,156,2026-07-04T01:25:00+08:00
14cb97b5-8f36-4446-82d4-6b3ecb748189,M-1010,SESS-20260703-3698-0412,RENTAL_ACCRUAL,10,96,2026-07-03T23:50:00+08:00
514e3850-1ed4-48cd-a687-0894a632b1dd,M-1261,SESS-20260703-8874-0413,RENTAL_ACCRUAL,5,185,2026-07-03T22:10:00+08:00
ca46e04f-c039-4f8d-8db1-b402d9bf692a,M-1532,SESS-20260703-5477-0414,RENTAL_ACCRUAL,16,176,2026-07-04T01:50:00+08:00
6033f521-3148-421f-9f52-f5fe09b7e203,M-1624,SESS-20260703-1470-0415,RENTAL_ACCRUAL,28,962,2026-07-03T09:40:00+08:00
8b482fca-3ea2-478f-9a09-2587f71d2071,M-1693,SESS-20260703-1280-0416,RENTAL_ACCRUAL,11,320,2026-07-03T23:15:00+08:00
c716608d-c9e5-4f2d-a34b-1f9494e6cb80,M-1207,SESS-20260703-8898-0417,RENTAL_ACCRUAL,5,30,2026-07-03T23:30:00+08:00
2728b587-1eb1-4619-b5b0-e967b5bb6a03,M-1069,SESS-20260703-4936-0418,RENTAL_ACCRUAL,5,84,2026-07-04T00:45:00+08:00
b129911b-e558-4724-95d7-bab8fdbb2a18,M-1256,SESS-20260703-2347-0419,RENTAL_ACCRUAL,5,85,2026-07-03T23:15:00+08:00
121baf94-1771-43dc-8e12-8270f954bbfc,M-1714,SESS-20260703-8431-0420,RENTAL_ACCRUAL,5,54,2026-07-04T00:00:00+08:00
59e0e379-4424-4749-b33b-d2baedb34ece,M-1184,SESS-20260703-4296-0421,RENTAL_ACCRUAL,12,974,2026-07-03T23:30:00+08:00
10c132d4-613f-4b5c-96d3-1894af75a398,M-1380,SESS-20260703-2909-0422,RENTAL_ACCRUAL,16,334,2026-07-03T20:10:00+08:00
b819779f-c170-402a-b42d-829bc6d67250,M-1192,SESS-20260703-9368-0423,RENTAL_REDEMPTION,-100,44,2026-07-03T21:55:00+08:00
80293701-e6a7-4fff-9728-e9833712913d,M-1192,SESS-20260703-9368-0423,RENTAL_ACCRUAL,35,79,2026-07-04T05:55:00+08:00
fc920ed7-b3c3-40d0-96a7-f1202875dd1c,M-1601,SESS-20260703-2812-0424,RENTAL_ACCRUAL,10,134,2026-07-04T01:25:00+08:00
43da704d-7306-475a-9902-30a432f707bd,M-1623,SESS-20260703-1030-0425,RENTAL_ACCRUAL,8,108,2026-07-03T18:30:00+08:00
26834a73-80fe-4f3b-9b13-d089c2e58f5b,M-1813,SESS-20260703-4756-0426,RENTAL_ACCRUAL,11,653,2026-07-03T22:45:00+08:00
4ecc0c97-10a6-43fe-9039-489f0423fe1f,M-1335,SESS-20260703-1166-0427,RENTAL_ACCRUAL,45,252,2026-07-04T06:55:00+08:00
8366f312-52f3-4982-9753-3216a8f55c64,M-1680,SESS-20260703-1505-0428,RENTAL_ACCRUAL,5,155,2026-07-03T23:45:00+08:00
1c5ef308-1efe-418f-be0d-9dbec42ba972,M-1439,SESS-20260703-1285-0429,RENTAL_ACCRUAL,25,157,2026-07-04T03:05:00+08:00
01658fe4-b559-47ab-89e1-79f746340c26,M-1401,SESS-20260703-4296-0430,RENTAL_ACCRUAL,10,102,2026-07-04T01:50:00+08:00
7ab3046d-5ea7-43d2-87d3-db2d1f98bc1c,M-1180,SESS-20260703-2418-0431,RENTAL_ACCRUAL,18,806,2026-07-04T02:30:00+08:00
aa0c0941-bc7a-4569-b493-4788b41073e7,M-1245,SESS-20260703-4350-0432,RENTAL_ACCRUAL,12,18,2026-07-04T00:40:00+08:00
e9bff91f-9c12-4480-904c-ef70bc25e574,M-1277,SESS-20260703-1211-0433,RENTAL_REDEMPTION,-200,2541,2026-07-03T17:55:00+08:00
768d34fd-ea51-48d0-8ca1-504f2d6d3156,M-1277,SESS-20260703-1211-0433,RENTAL_ACCRUAL,15,2556,2026-07-03T22:55:00+08:00
43ccec9b-98dc-4f4d-b74f-42e9f62a8773,M-1639,SESS-20260703-6891-0434,RENTAL_ACCRUAL,10,71,2026-07-04T00:15:00+08:00
face11b1-7f4e-4489-a151-9a27c1dd8f59,M-1613,SESS-20260703-5742-0435,RENTAL_ACCRUAL,5,107,2026-07-03T21:45:00+08:00
6ff639e5-317b-413e-b34f-ad8054548f7e,M-1616,SESS-20260703-1887-0436,RENTAL_ACCRUAL,10,69,2026-07-04T01:00:00+08:00
1ccd9578-05de-4066-9108-45f4c1394dff,M-1141,SESS-20260703-6383-0437,RENTAL_ACCRUAL,10,144,2026-07-03T21:50:00+08:00
41865833-2754-4b4f-86e4-91409439ac82,M-1519,SESS-20260703-4794-0438,RENTAL_ACCRUAL,16,92,2026-07-03T23:00:00+08:00
31a2ecfc-813e-456b-9a80-835559a3f453,M-1379,SESS-20260703-3015-0439,RENTAL_ACCRUAL,15,125,2026-07-04T00:55:00+08:00
cca3e79d-a7de-491a-9712-5500dc363244,M-1406,SESS-20260703-2093-0440,RENTAL_ACCRUAL,45,520,2026-07-04T07:55:00+08:00
168ac77b-d092-48ef-87dd-025bab38229c,M-1429,SESS-20260703-5632-0441,RENTAL_ACCRUAL,5,388,2026-07-03T23:20:00+08:00
8488e369-cdbc-4565-a764-6ddde53cf3d5,M-1459,SESS-20260703-5231-0442,RENTAL_ACCRUAL,25,103,2026-07-04T02:55:00+08:00
e43a2b8d-3256-4e48-8252-4e706fecd029,M-1153,SESS-20260703-5255-0443,RENTAL_REDEMPTION,-100,32,2026-07-03T23:35:00+08:00
93c0a568-3003-446d-bcc3-b02539518907,M-1153,SESS-20260703-5255-0443,RENTAL_ACCRUAL,20,52,2026-07-04T04:35:00+08:00
26192bd2-0820-48af-8762-11839cff26b1,M-1658,SESS-20260703-2199-0444,RENTAL_ACCRUAL,9,761,2026-07-04T00:10:00+08:00
72b6285c-392d-49c4-bc4e-25329dc39d45,M-1297,SESS-20260703-8409-0445,RENTAL_ACCRUAL,24,136,2026-07-03T14:45:00+08:00
15fb7565-c8b1-4639-aa14-92e238f2b9dc,M-1703,SESS-20260703-9355-0446,RENTAL_ACCRUAL,15,108,2026-07-04T01:20:00+08:00
102246ba-8b6f-4c94-a4fc-6a643f23741e,M-1512,SESS-20260703-5874-0447,RENTAL_REDEMPTION,-100,57,2026-07-03T23:35:00+08:00
76487a88-f21d-4139-ad25-10ec989b2b8b,M-1630,SESS-20260703-9334-0448,RENTAL_ACCRUAL,19,788,2026-07-03T16:55:00+08:00
b9bfeee7-2f1e-49cc-a72d-d34990bc4937,M-1138,SESS-20260703-2362-0449,RENTAL_ACCRUAL,16,149,2026-07-03T19:05:00+08:00
c737e974-8f38-418f-a4a0-bed9992180fe,M-1005,SESS-20260703-6314-0450,RENTAL_ACCRUAL,24,26,2026-07-04T01:15:00+08:00
48d9cdd5-2112-4359-822f-f83a970f4e37,M-1031,SESS-20260703-6646-0451,RENTAL_ACCRUAL,27,643,2026-07-04T00:00:00+08:00
d492e4a4-25af-4323-a22b-95cc4e9a53a5,M-1081,SESS-20260703-9834-0452,RENTAL_ACCRUAL,16,192,2026-07-04T02:55:00+08:00
d88f9c15-ad95-4b97-bbd3-cfc04f0b1608,M-1333,ORD-20260704-2123-0001,CONCESSION_ACCRUAL,13,162,2026-07-04T00:19:30+08:00
bafe13b3-d5d8-4447-b1e9-d8b808de4489,M-1790,ORD-20260704-7445-0002,CONCESSION_ACCRUAL,6,84,2026-07-04T01:38:24+08:00
4d7bf55c-40c1-4cca-a3c7-1c26c1a3868c,M-1359,ORD-20260703-5607-0003,CONCESSION_ACCRUAL,27,1787,2026-07-03T23:43:27+08:00
1953cb9b-1ffb-42f4-8e45-a389fa28c5f4,M-1501,ORD-20260704-1932-0004,CONCESSION_ACCRUAL,8,107,2026-07-04T00:42:24+08:00
31eff109-b767-4524-9080-70e789c1e84e,M-1968,ORD-20260703-4149-0005,CONCESSION_ACCRUAL,23,95,2026-07-03T21:45:10+08:00
261cf3cb-1361-41ec-9cc3-42c9ddbaeab3,M-1208,ORD-20260703-7859-0006,CONCESSION_ACCRUAL,13,2816,2026-07-03T23:28:35+08:00
ab78dc41-0aa4-4468-a7aa-6a5a5c769707,M-1170,ORD-20260703-1434-0007,CONCESSION_ACCRUAL,34,94,2026-07-03T19:19:56+08:00
623eb26f-e7d1-4767-9e1e-92362652076d,M-1507,ORD-20260703-8657-0008,CONCESSION_ACCRUAL,12,141,2026-07-03T22:14:13+08:00
94094fef-8755-4496-b8d4-e7ec7c9cfb8c,M-1249,ORD-20260703-6647-0009,CONCESSION_ACCRUAL,39,97,2026-07-03T13:54:26+08:00
d7207efc-4634-4cb3-935d-d627595a6f57,M-1143,ORD-20260703-2995-0010,CONCESSION_ACCRUAL,4,3520,2026-07-03T23:09:29+08:00
c19a1af8-495c-44c6-b29b-e53271c57031,M-1431,ORD-20260704-7536-0011,CONCESSION_ACCRUAL,6,111,2026-07-04T03:58:01+08:00
b3f2acf3-8ab0-48dd-b437-2bc218c7d4f8,M-1012,ORD-20260704-3728-0012,CONCESSION_ACCRUAL,25,87,2026-07-04T00:22:23+08:00
36e24577-dcf6-4631-8e84-8969d3d4f28e,M-2159,ORD-20260704-3401-0013,CONCESSION_ACCRUAL,25,58,2026-07-04T00:18:01+08:00
27e80997-4861-4b1a-a1dd-25ecf908b334,M-1480,ORD-20260704-8736-0014,CONCESSION_ACCRUAL,12,188,2026-07-04T01:30:49+08:00
60d2ce7b-0f86-4826-975a-a50bb707cf86,M-1347,ORD-20260703-1291-0015,CONCESSION_ACCRUAL,18,3426,2026-07-03T21:23:25+08:00
905b949f-d84b-48ca-bf51-b7bd311bcb97,M-1396,ORD-20260703-1183-0016,CONCESSION_ACCRUAL,19,158,2026-07-03T13:17:12+08:00
ebda35fd-79f7-4c32-8936-2323aa8bec13,M-1344,ORD-20260703-6745-0017,CONCESSION_ACCRUAL,37,755,2026-07-03T23:17:41+08:00
b30d57cd-7e57-4b2a-9a1e-acd9e0d86282,M-1794,ORD-20260704-5031-0018,CONCESSION_ACCRUAL,9,183,2026-07-04T00:37:04+08:00
70ce54bd-16f8-4b80-8680-6b26e962b986,M-1177,ORD-20260703-2706-0019,CONCESSION_ACCRUAL,9,168,2026-07-03T19:36:51+08:00
28780cb5-25a8-44c4-a3bf-c5b78c17e421,M-1159,ORD-20260703-7542-0020,CONCESSION_ACCRUAL,9,120,2026-07-03T08:52:32+08:00
ae6d82da-bc02-4cbd-8dd5-5b9a39309c7b,M-1817,ORD-20260703-3936-0021,CONCESSION_ACCRUAL,15,61,2026-07-03T23:39:26+08:00
85e45bcc-ce4c-4600-a638-ebb8411950cf,M-1565,ORD-20260703-8132-0022,CONCESSION_ACCRUAL,11,329,2026-07-03T18:37:59+08:00
70f910d1-5a4a-4d37-b566-86f0b9f50837,M-1125,ORD-20260703-9121-0023,CONCESSION_ACCRUAL,40,660,2026-07-03T18:34:43+08:00
b3a85b86-e1eb-47aa-9995-fcb57c3228f5,M-1003,ORD-20260703-9367-0024,CONCESSION_ACCRUAL,7,124,2026-07-03T21:34:25+08:00
82b1f882-35cc-4b0a-b433-da3b27f8f794,M-1436,ORD-20260703-7305-0025,CONCESSION_ACCRUAL,8,84,2026-07-03T22:26:03+08:00
01c445af-219f-408d-9991-beee1eaa6799,M-1182,ORD-20260704-2662-0026,CONCESSION_ACCRUAL,20,93,2026-07-04T01:05:23+08:00
958c1558-8785-4102-b502-26837c05b49e,M-1031,ORD-20260703-1750-0027,CONCESSION_ACCRUAL,11,654,2026-07-03T22:46:10+08:00
16440f24-f7ca-4f02-8d0b-b29d494085ec,M-1335,ORD-20260704-9178-0028,CONCESSION_ACCRUAL,16,268,2026-07-04T06:20:26+08:00
fcc349e8-85ef-44b8-9001-4d66a9f5edef,M-1335,ORD-20260703-9460-0029,CONCESSION_ACCRUAL,8,276,2026-07-03T21:39:28+08:00
a4b9b5d7-03e9-4784-8e2b-50f76c08056b,M-1401,ORD-20260704-1818-0030,CONCESSION_ACCRUAL,3,105,2026-07-04T01:05:13+08:00
cd2d46fd-e053-4d35-b7e5-800d527e3b5e,M-1834,ORD-20260703-6435-0031,CONCESSION_ACCRUAL,15,204,2026-07-03T23:41:41+08:00
ae9939d6-b808-4491-a2e1-7d2268e50219,M-1192,ORD-20260704-7416-0032,CONCESSION_ACCRUAL,6,85,2026-07-04T04:14:29+08:00
f438f728-c383-4350-9d04-f405bf1508a0,M-1396,ORD-20260703-4282-0033,CONCESSION_ACCRUAL,6,164,2026-07-03T18:27:10+08:00
d8f3e977-c481-4e95-a2a2-fa2d5bc3362c,M-1439,ORD-20260704-2128-0034,CONCESSION_ACCRUAL,22,179,2026-07-04T02:21:53+08:00
5a6428ef-aea5-42bc-bb8b-e4bd51b97e03,M-1210,ORD-20260704-7911-0035,CONCESSION_ACCRUAL,27,825,2026-07-04T00:43:48+08:00
9463e10d-25d3-453c-b9c7-b65c475d4f7c,M-1094,ORD-20260703-7711-0036,CONCESSION_ACCRUAL,43,165,2026-07-03T21:07:34+08:00
8c553284-bae2-48c4-ad26-4167ba2ec51d,M-1270,ORD-20260703-9020-0037,CONCESSION_ACCRUAL,25,792,2026-07-03T15:34:24+08:00
6369941c-80b5-4ce4-908d-73abe1f2e87c,M-1551,ORD-20260703-1700-0038,CONCESSION_ACCRUAL,12,38,2026-07-03T13:41:58+08:00
e75e3831-92b9-4257-bd7b-cf3321d6fe53,M-1238,ORD-20260704-7897-0039,CONCESSION_ACCRUAL,20,74,2026-07-04T02:38:08+08:00
d452a91d-6f4c-4eba-94e6-0a43c3d8b03b,M-1085,ORD-20260703-3621-0040,CONCESSION_ACCRUAL,18,162,2026-07-03T20:33:55+08:00
c2016019-e221-45d0-8f08-e35fbbf5a9ca,M-1526,ORD-20260704-6845-0041,CONCESSION_ACCRUAL,3,646,2026-07-04T00:17:00+08:00
9ccd13fa-ef7a-4c1c-945f-8a958971053e,M-1648,ORD-20260703-5108-0042,CONCESSION_ACCRUAL,8,581,2026-07-03T22:31:50+08:00
06113c66-1d44-477e-8649-a93f00f09a03,M-1739,ORD-20260703-6716-0043,CONCESSION_ACCRUAL,8,90,2026-07-03T16:13:39+08:00
86399f31-13cc-4c4f-9894-b2e6f12a6c3b,M-1158,ORD-20260703-2460-0044,CONCESSION_ACCRUAL,25,64,2026-07-03T17:25:35+08:00
a68f0fc4-dcd8-437d-be46-479b70884b5d,M-1572,ORD-20260704-4353-0045,CONCESSION_ACCRUAL,12,56,2026-07-04T00:41:49+08:00
6f6da53f-7536-4734-85d2-52779d95718c,M-1297,ORD-20260703-4860-0046,CONCESSION_ACCRUAL,16,152,2026-07-03T14:19:12+08:00
9cb399a8-9435-4102-ac97-06d551ccbe3e,M-1773,ORD-20260703-7533-0047,CONCESSION_ACCRUAL,8,151,2026-07-03T21:17:22+08:00
7c57fcc7-725c-41e8-b5d8-a25170493c35,M-1498,ORD-20260704-2898-0048,CONCESSION_ACCRUAL,45,214,2026-07-04T01:09:09+08:00
3916e2c8-b07a-4252-8a34-54218388b645,M-1509,ORD-20260703-9098-0049,CONCESSION_ACCRUAL,16,294,2026-07-03T23:52:26+08:00
391a9a1f-0668-4a23-a5ff-a3906121e4b8,M-1677,ORD-20260703-4187-0050,CONCESSION_ACCRUAL,15,101,2026-07-03T23:14:02+08:00
9ca4a74b-8c59-49d4-8caa-0328ff85291f,M-1053,ORD-20260703-1311-0051,CONCESSION_ACCRUAL,6,37,2026-07-03T18:14:51+08:00
3e443213-93fa-4226-93df-9e23a667a88e,M-1301,ORD-20260703-2763-0052,CONCESSION_ACCRUAL,23,85,2026-07-03T22:49:51+08:00
37ac4fe8-95ab-47b4-ac79-f2c9e06e0126,M-1076,ORD-20260704-5266-0053,CONCESSION_ACCRUAL,6,64,2026-07-04T00:07:20+08:00
93d565d5-d270-4538-8c1b-c7343934e110,M-1756,ORD-20260703-3036-0054,CONCESSION_ACCRUAL,13,2125,2026-07-03T23:55:56+08:00
feb6f98a-764a-4db4-aaa6-8076eb1030f3,M-1673,ORD-20260703-1351-0055,CONCESSION_ACCRUAL,39,103,2026-07-03T17:27:34+08:00
d3884781-f324-443a-9beb-49b8a0880423,M-1395,ORD-20260703-5750-0056,CONCESSION_ACCRUAL,8,109,2026-07-03T23:37:11+08:00
464e9e26-639c-4108-9c88-986689c3fc32,M-1235,ORD-20260703-8343-0057,CONCESSION_ACCRUAL,15,418,2026-07-03T22:13:03+08:00
777a7dfc-55df-48ff-8133-52a5d37e1a9d,M-1726,ORD-20260703-3648-0058,CONCESSION_ACCRUAL,41,223,2026-07-03T20:59:13+08:00
faac314e-573d-4056-ad77-80a8b292e435,M-1577,ORD-20260704-5031-0059,CONCESSION_ACCRUAL,3,101,2026-07-04T00:05:27+08:00
6c3f2db8-d3af-44a0-898f-f5abaaf65270,M-1512,ORD-20260704-7259-0060,CONCESSION_ACCRUAL,6,63,2026-07-04T00:24:00+08:00
73d9c605-e825-46c0-bb6f-48eef4930163,M-1285,ORD-20260703-4943-0061,CONCESSION_ACCRUAL,12,152,2026-07-03T21:58:30+08:00
296b755d-eee9-43ba-b45e-d868c95ed41b,M-1188,ORD-20260703-2106-0062,CONCESSION_ACCRUAL,33,489,2026-07-03T20:03:00+08:00
dc64b75d-cdf1-4221-86bf-595c0b86d977,M-1519,ORD-20260703-1350-0063,CONCESSION_ACCRUAL,3,95,2026-07-03T21:51:58+08:00
fa0e8c17-843d-4826-aa49-1d62d886cecc,M-1443,ORD-20260703-7046-0064,CONCESSION_ACCRUAL,18,80,2026-07-03T20:32:27+08:00
d5b1b427-90b0-41b5-9743-2ffa4a745fb6,M-1010,ORD-20260703-7297-0065,CONCESSION_ACCRUAL,29,125,2026-07-03T23:05:31+08:00
240a8c5b-e852-4979-8bd1-0972b9d4f158,M-1491,ORD-20260703-6731-0066,CONCESSION_ACCRUAL,6,53,2026-07-03T16:17:57+08:00
c42ea0c6-9f86-4e7b-ad0e-79737a8875a3,M-1088,ORD-20260703-8317-0067,CONCESSION_ACCRUAL,10,110,2026-07-03T11:01:56+08:00
8add80a2-1683-4d87-8784-3274b515892f,M-1801,ORD-20260704-4620-0068,CONCESSION_ACCRUAL,6,109,2026-07-04T01:53:04+08:00
08131eb0-a7db-4009-a512-bd40a6d17a75,M-1605,ORD-20260703-9585-0069,CONCESSION_ACCRUAL,12,71,2026-07-03T22:14:03+08:00
072c3f8e-2a11-471a-9c52-c2e348ef142a,M-1491,ORD-20260704-2049-0070,CONCESSION_ACCRUAL,12,65,2026-07-04T01:19:58+08:00
7dc8229a-30f6-4457-8e98-6488e9d73334,M-1663,ORD-20260704-2748-0071,CONCESSION_ACCRUAL,27,49,2026-07-04T00:29:21+08:00
2db1f3dd-38b6-4ed8-9677-b5c2134bab83,M-1310,ORD-20260703-1816-0072,CONCESSION_ACCRUAL,25,66,2026-07-03T23:22:57+08:00
9e68de53-b366-4061-ad8e-daa124c41000,M-1537,ORD-20260703-9103-0073,CONCESSION_ACCRUAL,16,200,2026-07-03T23:09:50+08:00
536225cf-2ed8-4a0c-a020-0c1f7fdb589b,M-1015,ORD-20260703-3032-0074,CONCESSION_ACCRUAL,7,70,2026-07-03T21:29:09+08:00
2111f9be-1336-4432-81a0-abb9dc7d939a,M-1135,ORD-20260703-1961-0075,CONCESSION_ACCRUAL,6,83,2026-07-03T20:01:32+08:00
9bd2f89e-0f7a-4ed9-81aa-7cefefaec78f,M-1786,ORD-20260703-8378-0076,CONCESSION_ACCRUAL,8,392,2026-07-03T21:42:19+08:00
dcae37ab-8a02-4e88-b121-12fca0b27f28,M-1334,ORD-20260703-9733-0077,CONCESSION_ACCRUAL,3,116,2026-07-03T21:44:14+08:00
d797efd8-1895-4d3d-8b89-e40e1b07d942,M-1413,ORD-20260703-3405-0078,CONCESSION_ACCRUAL,6,42,2026-07-03T19:53:33+08:00
94728c70-0beb-43af-b36f-311a29cef2f9,M-1351,ORD-20260703-8891-0079,CONCESSION_ACCRUAL,9,66,2026-07-03T23:28:19+08:00
405e99e5-22fc-4d60-a9a1-eeaa82cc0e2c,M-1109,ORD-20260703-8326-0080,CONCESSION_ACCRUAL,50,115,2026-07-03T23:07:45+08:00
6b1da26a-30ab-4671-b98b-7105e5a17e3c,M-2159,ORD-20260703-8580-0081,CONCESSION_ACCRUAL,16,74,2026-07-03T22:19:21+08:00
9e6b2314-fa7f-4dd5-8503-0e7bac7520c6,M-1138,ORD-20260703-6368-0082,CONCESSION_ACCRUAL,46,195,2026-07-03T18:19:16+08:00
1930f345-2bed-45c5-973a-f30f79652eb0,M-1229,ORD-20260703-5306-0083,CONCESSION_ACCRUAL,33,180,2026-07-03T21:19:54+08:00
e762a0b7-377f-4d95-8316-1dbf2991f468,M-1459,ORD-20260704-9852-0084,CONCESSION_ACCRUAL,18,121,2026-07-04T00:37:11+08:00
2cfeb43e-a2a6-458c-89b2-cdf9171f56aa,M-1672,ORD-20260704-8071-0085,CONCESSION_ACCRUAL,16,111,2026-07-04T00:56:37+08:00
e462c86d-8320-49a2-a842-2ba7da9ff5a3,M-1609,ORD-20260703-9622-0086,CONCESSION_ACCRUAL,8,600,2026-07-03T20:19:40+08:00
aee97c23-09e2-427e-a87f-14af3afbbf9a,M-1840,ORD-20260703-2883-0087,CONCESSION_ACCRUAL,9,1814,2026-07-03T18:32:17+08:00
ea6e4bea-73c1-4dcf-a845-90a2082ffa40,M-1429,ORD-20260703-1932-0088,CONCESSION_ACCRUAL,39,427,2026-07-03T18:36:28+08:00
2753a11c-4a59-474b-8a78-beb65f218c7b,M-1532,ORD-20260704-9087-0089,CONCESSION_ACCRUAL,25,201,2026-07-04T01:17:05+08:00
a390e91f-3996-43fc-9875-c0a1ac0898f0,M-1573,ORD-20260703-7715-0090,CONCESSION_ACCRUAL,8,248,2026-07-03T23:43:02+08:00
46e7ca26-0ea5-4fd6-8f7b-01200816d548,M-1245,ORD-20260704-1631-0091,CONCESSION_ACCRUAL,6,24,2026-07-04T00:16:14+08:00
ea99bf42-fc6d-467f-b623-e32ed94f3a08,M-1380,ORD-20260703-5036-0092,CONCESSION_ACCRUAL,7,341,2026-07-03T19:33:06+08:00
946c6852-301c-4d96-8d2e-5e618e45710b,M-1307,ORD-20260703-9801-0093,CONCESSION_ACCRUAL,24,159,2026-07-03T22:37:14+08:00
e9172789-ab22-4e6b-8bfa-6dea8c2ba277,M-1144,ORD-20260703-3231-0094,CONCESSION_ACCRUAL,6,64,2026-07-03T18:04:39+08:00
f6e22abe-c1a6-4301-8312-92b01f2c6ee8,M-1539,ORD-20260704-5783-0095,CONCESSION_ACCRUAL,9,2637,2026-07-04T00:35:32+08:00
af0f0736-2a41-40f1-a029-efb8b8852c68,M-1065,ORD-20260703-3119-0096,CONCESSION_ACCRUAL,46,504,2026-07-03T21:06:00+08:00
f7bf2adb-ed70-4778-a8cb-6882c042f2fa,M-1225,ORD-20260703-1809-0097,CONCESSION_ACCRUAL,6,118,2026-07-03T17:40:13+08:00
29572280-e9ca-40eb-92b4-53c348802697,M-1309,ORD-20260703-6623-0098,CONCESSION_ACCRUAL,13,161,2026-07-03T05:23:37+08:00
8afb5d79-0a17-497c-8995-c93cf689e768,M-1779,ORD-20260703-9525-0099,CONCESSION_ACCRUAL,25,30,2026-07-03T20:13:29+08:00
1688b8b1-53cf-4f1e-aa96-19598c2369de,M-1125,ORD-20260704-1908-0100,CONCESSION_ACCRUAL,24,684,2026-07-04T04:57:33+08:00
0a8efe63-8cd8-4e8e-b85b-96140a794abc,M-1376,ORD-20260703-8974-0101,CONCESSION_ACCRUAL,13,129,2026-07-03T12:37:47+08:00
13acca74-b051-4695-bf03-0e056fcd9c08,M-1571,ORD-20260704-9291-0102,CONCESSION_ACCRUAL,9,139,2026-07-04T00:17:49+08:00
7effe65a-d217-4fd9-917f-40905e3f603e,M-1449,ORD-20260703-9662-0103,CONCESSION_ACCRUAL,17,100,2026-07-03T23:08:15+08:00
63c8535e-0d8a-4c52-846c-b7e480c1fd8d,M-1157,ORD-20260703-7722-0104,CONCESSION_ACCRUAL,19,179,2026-07-03T21:29:09+08:00
b75d338b-af2e-4241-a06e-4535fce12052,M-1440,ORD-20260703-2415-0105,CONCESSION_ACCRUAL,6,120,2026-07-03T17:59:39+08:00
10fcdefd-5d12-44f0-a076-32415add904d,M-1361,ORD-20260704-1304-0106,CONCESSION_ACCRUAL,38,341,2026-07-04T03:35:20+08:00
8cb9e20c-c26c-437d-aeb7-ca97a8308c4e,M-1201,ORD-20260703-7052-0107,CONCESSION_ACCRUAL,6,162,2026-07-03T22:41:02+08:00
2391b295-392b-4ab5-836b-213d2d678e8d,M-1564,ORD-20260703-5740-0108,CONCESSION_ACCRUAL,3,203,2026-07-03T10:29:06+08:00
9e2e6d77-ccf2-490d-a669-d76f7c7448bc,M-1186,ORD-20260703-3096-0109,CONCESSION_ACCRUAL,17,120,2026-07-03T17:20:24+08:00
7796c4b2-3ab5-42b7-ab9c-2460b5d6e46b,M-1115,ORD-20260703-8292-0110,CONCESSION_ACCRUAL,29,54,2026-07-03T23:08:48+08:00
01bda9e3-4e0e-4e45-b7ff-477826f7e083,M-1030,ORD-20260704-7026-0111,CONCESSION_ACCRUAL,12,53,2026-07-04T00:01:00+08:00
e7bf48eb-6f14-4149-b770-99ffe887ef5f,M-1714,ORD-20260703-7835-0112,CONCESSION_ACCRUAL,20,74,2026-07-03T23:11:27+08:00
97bb9af3-8d2e-4707-8d80-b11fe6620c73,M-1282,ORD-20260703-3901-0113,CONCESSION_ACCRUAL,11,192,2026-07-03T14:19:19+08:00
4543b654-98f8-4301-91a7-a00dba182f1d,M-1093,ORD-20260703-6003-0114,CONCESSION_ACCRUAL,30,112,2026-07-03T22:42:36+08:00
7da5a91e-5982-4317-9800-02bf7445143b,M-1445,ORD-20260703-7027-0115,CONCESSION_ACCRUAL,22,153,2026-07-03T19:51:18+08:00
415651ad-50be-4fca-9b1b-e8f1db38f06f,M-1256,ORD-20260703-7183-0116,CONCESSION_ACCRUAL,50,135,2026-07-03T22:55:56+08:00
68e71855-1c7c-40ff-996a-c3095b506690,M-1005,ORD-20260704-4030-0117,CONCESSION_ACCRUAL,6,32,2026-07-04T01:13:44+08:00
cabd05b9-6335-4268-9753-5c57f2555dfd,M-1349,ORD-20260703-8161-0118,CONCESSION_ACCRUAL,3,731,2026-07-03T21:55:13+08:00
67a2a36f-a519-4ef3-bad1-4ed7ce2541b9,M-1023,ORD-20260703-5622-0119,CONCESSION_ACCRUAL,21,40,2026-07-03T18:37:01+08:00
8a94b437-1ea4-4bc2-8384-9f6b8d411775,M-1360,ORD-20260704-3793-0120,CONCESSION_ACCRUAL,6,107,2026-07-04T01:35:09+08:00
94d5b366-1066-4cae-9d9d-da873ef4df66,M-2025,ORD-20260703-6252-0121,CONCESSION_ACCRUAL,24,129,2026-07-03T23:03:55+08:00
172477e5-87ae-49bf-bdbe-e6d8e695d27f,M-1207,ORD-20260703-8403-0122,CONCESSION_ACCRUAL,7,37,2026-07-03T22:39:04+08:00
cca5bbbb-81ec-4b89-b33e-c192d5077efa,M-1141,ORD-20260703-5982-0123,CONCESSION_ACCRUAL,20,164,2026-07-03T20:24:15+08:00
6e1cbe72-95d4-40a4-a5ef-bbda3e343897,M-1661,ORD-20260703-4089-0124,CONCESSION_ACCRUAL,18,3056,2026-07-03T21:33:44+08:00
95404908-a517-4aaf-9eac-3dba4402e844,M-1558,ORD-20260703-2617-0125,CONCESSION_ACCRUAL,6,120,2026-07-03T21:55:05+08:00
85ddad7c-f341-4466-b4d2-9702778bc182,M-1199,ORD-20260703-5750-0126,CONCESSION_ACCRUAL,16,205,2026-07-03T13:05:32+08:00
4f8fedc1-7832-4ff3-ac2b-50745a963ee5,M-1814,ORD-20260704-1420-0127,CONCESSION_ACCRUAL,6,108,2026-07-04T00:26:59+08:00
192432d9-9ae7-47a0-b70d-6461da73e1b1,M-1628,ORD-20260703-7994-0128,CONCESSION_ACCRUAL,3,191,2026-07-03T04:15:44+08:00
96de35a7-fc90-4188-b652-dcd74637ceac,M-1228,ORD-20260703-8180-0129,CONCESSION_ACCRUAL,31,190,2026-07-03T18:31:48+08:00
71721663-706e-43d0-adfb-48757121b8ef,M-1133,ORD-20260703-2285-0130,CONCESSION_ACCRUAL,32,1007,2026-07-03T19:41:39+08:00
9d702436-4fd6-4350-b29c-f119e5b08991,M-1008,ORD-20260704-7063-0131,CONCESSION_ACCRUAL,3,118,2026-07-04T03:54:19+08:00
1f48a147-54f4-4ec0-a387-83104f4ebcb5,M-1267,ORD-20260703-5629-0132,CONCESSION_ACCRUAL,9,101,2026-07-03T22:30:04+08:00
a513b59a-a784-4096-a350-e142c3fff0d6,M-1482,ORD-20260703-1670-0133,CONCESSION_ACCRUAL,3,189,2026-07-03T23:24:54+08:00
885360c6-bafa-4125-a1f7-55f907a6a1fd,M-1032,ORD-20260704-2083-0134,CONCESSION_ACCRUAL,38,87,2026-07-04T02:11:25+08:00
7fbaab73-708d-4b04-b4b9-e9346edc8106,M-1184,ORD-20260703-7738-0135,CONCESSION_ACCRUAL,14,988,2026-07-03T22:57:23+08:00
65f32efc-d162-4138-863a-df16cdec7c92,M-1686,ORD-20260703-2535-0136,CONCESSION_ACCRUAL,3,89,2026-07-03T19:27:42+08:00
c5918fda-31b8-4618-919c-4b8713ca7bdd,M-1447,ORD-20260704-4105-0137,CONCESSION_ACCRUAL,14,77,2026-07-04T00:23:05+08:00
b5d2033a-89bc-4ba1-8519-a9364c47c351,M-1556,ORD-20260703-2755-0138,CONCESSION_ACCRUAL,17,50,2026-07-03T20:29:55+08:00
f4d56b4d-8216-43aa-b711-561d7ddf30ad,M-1132,ORD-20260703-9377-0139,CONCESSION_ACCRUAL,23,634,2026-07-03T20:15:27+08:00
35a6fc60-1238-4c16-947f-f5fbe3872001,M-1688,ORD-20260703-3586-0140,CONCESSION_ACCRUAL,8,229,2026-07-03T16:23:13+08:00
6020bafe-9a41-449f-b4cc-b68023c51817,M-1613,ORD-20260703-9831-0141,CONCESSION_ACCRUAL,16,123,2026-07-03T21:00:02+08:00
968eee47-9b1d-49b6-84e1-d89d21a9e965,M-1438,ORD-20260703-9386-0142,CONCESSION_ACCRUAL,3,2689,2026-07-03T22:42:27+08:00
a1c9b216-3066-4387-9463-ba7b3990e690,M-1031,ORD-20260703-3061-0143,CONCESSION_ACCRUAL,41,695,2026-07-03T15:16:16+08:00
55d70ff6-463a-433c-aab2-146c89ce2349,M-1466,ORD-20260703-2613-0144,CONCESSION_ACCRUAL,27,3384,2026-07-03T20:41:10+08:00
4f6d0088-4348-42a0-95ff-97e8cef42b3d,M-1122,ORD-20260703-1885-0145,CONCESSION_ACCRUAL,18,108,2026-07-03T11:17:35+08:00
db381b2b-3abf-4b0f-9e64-95888bdb0920,M-1529,ORD-20260703-3305-0146,CONCESSION_ACCRUAL,18,189,2026-07-03T14:47:26+08:00
2d8ba857-08d9-431f-beb8-4ba7851c4d22,M-1682,ORD-20260703-1055-0147,CONCESSION_ACCRUAL,15,193,2026-07-03T20:31:26+08:00
04fb8074-8711-41dd-a671-d24f8056045c,M-1305,ORD-20260703-3466-0148,CONCESSION_ACCRUAL,9,103,2026-07-03T10:47:30+08:00
791a3bd1-cd94-4ae0-946d-7d260fdd3806,M-1683,ORD-20260703-6256-0149,CONCESSION_ACCRUAL,40,730,2026-07-03T20:40:18+08:00
1316fa8d-af94-4ae8-8eee-ae86af5c3b59,M-1610,ORD-20260703-7562-0150,CONCESSION_ACCRUAL,6,61,2026-07-03T23:21:03+08:00
7a339d97-3724-4981-a036-15ae6a29bd3d,M-1760,ORD-20260703-7184-0151,CONCESSION_ACCRUAL,8,114,2026-07-03T23:48:20+08:00
6578cabf-7e24-48bc-a1c8-7b82c2e9c6c8,M-1718,ORD-20260703-9771-0152,CONCESSION_ACCRUAL,14,1186,2026-07-03T21:44:09+08:00
7df4b743-dd7c-4d06-a17e-f7741741c165,M-1174,ORD-20260703-3719-0153,CONCESSION_ACCRUAL,3,41,2026-07-03T22:43:25+08:00
bef5ba65-4daf-424d-bea0-470c869068a7,M-1751,ORD-20260703-4167-0154,CONCESSION_ACCRUAL,18,91,2026-07-03T16:34:24+08:00
928a733b-aefe-4916-91e1-51c666a94a19,M-1474,ORD-20260703-4199-0155,CONCESSION_ACCRUAL,15,523,2026-07-03T20:42:48+08:00
4f2ebc14-376e-4d9f-8acf-6537f8c65f22,M-1832,ORD-20260704-9883-0156,CONCESSION_ACCRUAL,6,162,2026-07-04T00:03:26+08:00
50b50a63-4e1f-4c57-8a37-d6204c61083d,M-1118,ORD-20260704-1485-0157,CONCESSION_ACCRUAL,37,103,2026-07-04T00:32:32+08:00
fc9c8556-a8cd-4eee-8edb-fc374cb011df,M-1026,ORD-20260703-3792-0158,CONCESSION_ACCRUAL,11,1475,2026-07-03T22:36:00+08:00
170ad478-222d-4a08-ad96-fa03ed6591ec,M-1651,ORD-20260703-6821-0159,CONCESSION_ACCRUAL,7,155,2026-07-03T20:15:44+08:00
ea0831e8-344e-40c5-b6b6-c51caa9daa05,M-1747,ORD-20260703-7718-0160,CONCESSION_ACCRUAL,30,152,2026-07-03T23:18:05+08:00
50051bb7-ff79-4271-866e-d1107c7a771b,M-1582,ORD-20260703-6393-0161,CONCESSION_ACCRUAL,21,83,2026-07-03T23:54:13+08:00
f1fed2bf-b6dc-49e7-9360-40edd08b8c52,M-1363,ORD-20260703-9703-0162,CONCESSION_ACCRUAL,8,93,2026-07-03T22:09:34+08:00
a2465822-8135-46a2-838b-1b773f9563bb,M-1617,ORD-20260703-7242-0163,CONCESSION_ACCRUAL,15,182,2026-07-03T21:31:04+08:00
67b7bd1b-d3bb-45b1-928a-89ee722aa57c,M-1045,ORD-20260703-6415-0164,CONCESSION_ACCRUAL,17,112,2026-07-03T20:32:14+08:00
9eca203f-f9c7-49d0-b865-47c92d2cfcd0,M-1623,ORD-20260703-6753-0165,CONCESSION_ACCRUAL,9,117,2026-07-03T17:32:21+08:00
245d7159-c4d1-4ecb-9b28-dbd9cc5ce71e,M-1504,ORD-20260703-3954-0166,CONCESSION_ACCRUAL,24,94,2026-07-03T20:57:29+08:00
b785fad0-fe7a-4356-b1c9-1fcb101cff31,M-1657,ORD-20260703-1123-0167,CONCESSION_ACCRUAL,27,67,2026-07-03T19:03:17+08:00
8e79c761-96bd-4a17-bbec-ef1081b9ad53,M-1424,ORD-20260703-7302-0168,CONCESSION_ACCRUAL,6,49,2026-07-03T23:36:40+08:00
23ee761c-c9b2-42a2-a06d-306335aa80b6,M-1501,ORD-20260703-6478-0169,CONCESSION_ACCRUAL,6,113,2026-07-03T21:10:40+08:00
3d797853-18a3-4da9-a8db-106db3f7bab2,M-1298,ORD-20260704-8547-0170,CONCESSION_ACCRUAL,6,121,2026-07-04T01:40:41+08:00
4797e915-b823-47c4-b40a-028851f06646,M-1597,ORD-20260703-9562-0171,CONCESSION_ACCRUAL,6,52,2026-07-03T05:02:07+08:00
243ae7ce-697b-4698-bdcb-4f97a1a0e343,M-1055,ORD-20260703-4458-0172,CONCESSION_ACCRUAL,6,49,2026-07-03T17:41:53+08:00
66833fdf-ea31-4d1f-9ff6-f77f80559d4a,M-1630,ORD-20260703-8541-0173,CONCESSION_ACCRUAL,23,811,2026-07-03T16:49:07+08:00
2d09628d-9d3d-405f-83b4-2a07bdfc3001,M-1540,ORD-20260703-1326-0174,CONCESSION_ACCRUAL,26,284,2026-07-03T16:19:09+08:00
8535994d-fe7f-4a3a-ba2e-b7b9d3a76082,M-1416,ORD-20260704-1349-0175,CONCESSION_ACCRUAL,4,2756,2026-07-04T00:52:30+08:00
996ab9bb-7854-4cbd-9517-0fb6806575a1,M-1249,ORD-20260703-1666-0176,CONCESSION_ACCRUAL,9,106,2026-07-03T23:25:30+08:00
f7764494-1fa6-4620-bb14-017b5b8f54d6,M-1249,TIER_UPGRADE_Standard_TO_Silver,TIER_BONUS,50,156,2026-07-03T23:25:30+08:00
7385ee98-250f-44ab-b7d4-f77aa4ec7cdd,M-1752,ORD-20260703-3579-0177,CONCESSION_ACCRUAL,12,2317,2026-07-03T15:26:33+08:00
bba75748-1bf0-4a99-a99a-32d0a4a6b76d,M-1380,ORD-20260703-5090-0178,CONCESSION_ACCRUAL,8,349,2026-07-03T12:33:11+08:00
1d750b5f-de15-4901-838d-2c024cb6e0cf,M-1787,ORD-20260703-1084-0179,CONCESSION_ACCRUAL,15,66,2026-07-03T21:38:01+08:00
578ed95d-351e-465e-ad84-25af3dcbf50d,M-1710,ORD-20260703-3596-0180,CONCESSION_ACCRUAL,17,93,2026-07-03T18:50:07+08:00
c96230ce-63de-4556-897d-9cd53ec695c8,M-1040,ORD-20260704-7998-0181,CONCESSION_ACCRUAL,21,131,2026-07-04T00:26:55+08:00
646ba667-922f-4608-9bf2-41afcd5ae29e,M-1803,ORD-20260703-1315-0182,CONCESSION_ACCRUAL,15,105,2026-07-03T22:40:16+08:00
c6d5e50d-62b5-4c22-9ef1-516b4e4397ef,M-1767,ORD-20260703-4469-0183,CONCESSION_ACCRUAL,28,159,2026-07-03T04:47:50+08:00
a0df35c9-2361-49d4-8e27-91d13a292cf1,M-1264,ORD-20260704-8359-0184,CONCESSION_ACCRUAL,18,189,2026-07-04T03:26:35+08:00
ec05da3f-d18b-4f38-be67-5c59aafe2e90,M-1706,ORD-20260703-7501-0185,CONCESSION_ACCRUAL,8,638,2026-07-03T06:07:24+08:00
a9450a1a-679c-49a0-bd03-976383344354,M-1213,ORD-20260703-4585-0186,CONCESSION_ACCRUAL,27,140,2026-07-03T15:18:02+08:00
49b99d4c-8a81-4a4e-b34c-8aee022a7bb3,M-1693,ORD-20260703-7365-0187,CONCESSION_ACCRUAL,19,339,2026-07-03T13:21:18+08:00
30d2fe42-bb0b-4afe-8f71-a8fa8d57d2ba,M-1824,ORD-20260703-3619-0188,CONCESSION_ACCRUAL,26,41,2026-07-03T11:35:38+08:00
0b3aae0c-f1e6-4dae-835c-f3fcc745e03e,M-1824,TIER_UPGRADE_Standard_TO_Silver,TIER_BONUS,50,91,2026-07-03T11:35:38+08:00
9e64d600-0542-4a28-bc18-fd757c3c284d,M-1824,ORD-20260703-4681-0189,CONCESSION_ACCRUAL,9,100,2026-07-03T16:21:21+08:00
e6996d8a-9fee-429a-bbfe-d1b53a7fccd8,M-1180,ORD-20260703-8648-0190,CONCESSION_ACCRUAL,9,815,2026-07-03T23:46:57+08:00
b1604958-3dc0-4477-b7d0-eedca9ceb0af,M-1799,ORD-20260703-1366-0191,CONCESSION_ACCRUAL,13,44,2026-07-03T23:00:13+08:00
777329ca-d65d-4c03-8152-7d13c61e5fd1,M-1045,ORD-20260703-8846-0192,CONCESSION_ACCRUAL,8,120,2026-07-03T16:41:20+08:00
5216c7f1-a5f3-4ded-8c9e-eb2efbaf9413,M-1745,ORD-20260703-2926-0193,CONCESSION_ACCRUAL,34,99,2026-07-03T20:51:42+08:00
212bb3ef-9760-4e02-bb52-f5e11db4d305,M-1097,ORD-20260703-4610-0194,CONCESSION_ACCRUAL,27,131,2026-07-03T22:41:37+08:00
47638bf0-18dc-49b4-a220-1da668909d2d,M-1119,ORD-20260703-6550-0195,CONCESSION_ACCRUAL,9,79,2026-07-03T21:50:15+08:00
edb79368-f40b-462d-acad-ac7e19089519,M-1730,ORD-20260703-3364-0196,CONCESSION_ACCRUAL,6,33,2026-07-03T16:41:21+08:00
e9a2c556-a45d-4565-8d45-d17ec9754664,M-1729,ORD-20260703-5689-0197,CONCESSION_ACCRUAL,3,108,2026-07-03T19:25:04+08:00
a9955015-5685-4257-a640-9bbc8d0c7e96,M-1746,ORD-20260703-2508-0198,CONCESSION_ACCRUAL,18,99,2026-07-03T17:06:01+08:00
14a2fbd9-5734-42ce-8be1-f9bdaf661524,M-1271,ORD-20260703-9811-0199,CONCESSION_ACCRUAL,18,69,2026-07-03T20:41:08+08:00
7d8457c4-40d8-4718-9454-9f6e4efb135c,M-1529,ORD-20260704-7001-0200,CONCESSION_ACCRUAL,12,201,2026-07-04T01:47:06+08:00
cf7575af-ae02-46cd-b53f-af37c08e7cf7,M-1164,ORD-20260704-9837-0201,CONCESSION_ACCRUAL,13,182,2026-07-04T00:08:37+08:00
c58f4d5b-1680-4217-bbcf-eff917ce7562,M-1263,ORD-20260704-2971-0202,CONCESSION_ACCRUAL,9,146,2026-07-04T01:16:17+08:00
ef152003-28f6-474e-826e-bf67d7eafd38,M-1723,ORD-20260704-7441-0203,CONCESSION_ACCRUAL,12,126,2026-07-04T01:25:32+08:00
8df956a6-8e72-4b61-992f-35e31ef7590e,M-1483,ORD-20260703-3528-0204,CONCESSION_ACCRUAL,15,117,2026-07-03T20:45:46+08:00
97331903-812a-4dcd-92ed-317509922c5d,M-1870,ORD-20260703-7782-0205,CONCESSION_ACCRUAL,12,65,2026-07-03T20:18:59+08:00
d95bc320-d25a-49ef-af95-655fac74a243,M-1476,ORD-20260703-7465-0206,CONCESSION_ACCRUAL,8,363,2026-07-03T05:32:42+08:00
2063c3d8-61c2-4490-98eb-79c713bdf039,M-1364,ORD-20260703-7331-0207,CONCESSION_ACCRUAL,3,324,2026-07-03T21:34:15+08:00
a95f6700-48f6-41a9-86fc-3925a10f2efa,M-1865,ORD-20260703-6494-0208,CONCESSION_ACCRUAL,26,36,2026-07-03T23:08:06+08:00
05a5d60c-d019-4440-8d12-0a09530717a5,M-1277,ORD-20260703-9067-0209,CONCESSION_ACCRUAL,4,2560,2026-07-03T21:15:40+08:00
eac4d899-69f5-46a5-8551-3f9ad5a4aaaa,M-1272,ORD-20260703-9051-0210,CONCESSION_ACCRUAL,18,1543,2026-07-03T22:54:58+08:00
0f49ef01-ae66-4fc4-8c5c-f47ac364c91b,M-1063,ORD-20260704-9562-0211,CONCESSION_ACCRUAL,15,410,2026-07-04T00:07:32+08:00
5e4d6e18-aa05-4a54-afd6-b9bfb3fb8a74,M-1237,ORD-20260703-3019-0212,CONCESSION_ACCRUAL,9,162,2026-07-03T17:22:23+08:00
a0ac5581-3d3c-4e64-aff6-4477fe35e6ff,M-1388,ORD-20260703-9010-0213,CONCESSION_ACCRUAL,15,199,2026-07-03T18:57:38+08:00
311efa66-2caf-4597-b5ba-37737b47f3e5,M-1535,ORD-20260704-3334-0214,CONCESSION_ACCRUAL,16,123,2026-07-04T00:40:15+08:00
ea4c6e2e-fb5e-440a-95a7-7521e7860ee7,M-1223,ORD-20260703-6554-0215,CONCESSION_ACCRUAL,6,79,2026-07-03T23:32:16+08:00
76e2eb06-60e6-4379-978d-71499248e210,M-1812,ORD-20260703-4043-0216,CONCESSION_ACCRUAL,6,135,2026-07-03T12:46:33+08:00
7387ddf3-623d-45ca-ac77-ec0f901f2151,M-1554,ORD-20260703-8364-0217,CONCESSION_ACCRUAL,15,593,2026-07-03T23:12:32+08:00
778a7869-d3b1-4bbc-ac37-9d7989e55ba1,M-1379,ORD-20260704-4045-0218,CONCESSION_ACCRUAL,8,133,2026-07-04T00:21:23+08:00
3bd26a8a-ede0-42da-a378-a5bc8b3d4e62,M-1262,ORD-20260704-2700-0219,CONCESSION_ACCRUAL,36,255,2026-07-04T00:18:13+08:00
93563cc1-4690-4030-b6f6-6606dec4321a,M-1073,ORD-20260703-7594-0220,CONCESSION_ACCRUAL,8,86,2026-07-03T19:55:14+08:00
ee317c26-6b6a-4844-91d3-94ccee76c00a,M-1324,ORD-20260703-4188-0221,CONCESSION_ACCRUAL,17,68,2026-07-03T07:05:14+08:00
166ae588-6f9e-42fa-a733-59e188a87db1,M-1197,ORD-20260703-9755-0222,CONCESSION_ACCRUAL,7,69,2026-07-03T14:53:54+08:00
49f58865-bcda-48b8-b7c7-88720e15ae26,M-1096,ORD-20260703-9556-0223,CONCESSION_ACCRUAL,12,99,2026-07-03T12:53:00+08:00
6647d5d0-bbc9-4102-b1f8-4e0ef20bafe7,M-1430,ORD-20260703-5796-0224,CONCESSION_ACCRUAL,23,1051,2026-07-03T20:34:00+08:00
c51696cf-cdb3-4afe-8d16-4abe253273b1,M-1501,ORD-20260703-5426-0225,CONCESSION_ACCRUAL,22,135,2026-07-03T21:23:00+08:00
3ef3a8e5-0901-4a85-a937-ea638ab5d929,M-1406,ORD-20260703-6252-0226,CONCESSION_ACCRUAL,61,581,2026-07-03T12:43:00+08:00
f39e6b8e-707c-40e6-9190-41654d44d518,M-1002,ORD-20260703-8931-0227,CONCESSION_ACCRUAL,11,602,2026-07-03T21:50:00+08:00
43901ec2-582c-42e5-9082-a0ce362a9197,M-1283,ORD-20260703-1047-0228,CONCESSION_ACCRUAL,6,158,2026-07-03T11:57:00+08:00
9b0bb6b1-98ac-4393-bf4b-e067372911e6,M-1739,ORD-20260703-2352-0229,CONCESSION_ACCRUAL,6,96,2026-07-03T10:18:00+08:00
3ff0aa04-36e6-43fb-9d86-3fb860be8532,M-1968,ORD-20260703-4032-0230,CONCESSION_ACCRUAL,18,113,2026-07-03T09:07:00+08:00
8f988017-b8d0-4eb5-927c-86ec0933d145,M-1115,ORD-20260703-4596-0231,CONCESSION_ACCRUAL,8,62,2026-07-03T09:53:00+08:00
9f6416e1-e5a5-4152-b483-ad0314a807c1,M-1412,ORD-20260703-1533-0232,CONCESSION_ACCRUAL,9,57,2026-07-03T19:33:00+08:00
ee15d799-2af4-41a6-908c-da0cb0bdf65e,M-1666,ORD-20260703-9715-0233,CONCESSION_ACCRUAL,2,157,2026-07-03T11:09:00+08:00
b0e03923-35d5-4d44-be54-2d0c95e889b3,M-1254,ORD-20260703-4247-0234,CONCESSION_ACCRUAL,8,98,2026-07-03T12:58:00+08:00
75f7e673-d2b2-4020-a1b9-11a2d84e362b,M-1472,ORD-20260703-9133-0235,CONCESSION_ACCRUAL,6,104,2026-07-03T10:52:00+08:00
7a76acfc-9cee-42e4-a014-070446d58500,M-1549,ORD-20260703-5621-0236,CONCESSION_ACCRUAL,9,79,2026-07-03T19:35:00+08:00
48fe5742-b4e1-4752-93e9-44fbd38a58ab,M-1088,ORD-20260703-5208-0237,CONCESSION_ACCRUAL,16,126,2026-07-03T14:08:00+08:00
7d857588-ad71-4fd0-a887-1927514ecb9b,M-1777,ORD-20260703-8686-0238,CONCESSION_ACCRUAL,25,160,2026-07-03T12:50:00+08:00
8ae7e1e6-8525-4d6e-b83a-8b1fc7bdc36a,M-1502,ORD-20260703-3072-0239,CONCESSION_ACCRUAL,25,117,2026-07-03T18:44:00+08:00
30520e4a-143d-4de4-b39b-19c0421a7e63,M-1054,ORD-20260703-5550-0240,CONCESSION_ACCRUAL,36,77,2026-07-03T15:40:00+08:00
5c334b95-0aee-4d55-ab88-141d0b6d947a,M-1475,ORD-20260703-8532-0241,CONCESSION_ACCRUAL,8,165,2026-07-03T14:33:00+08:00
78785b77-c09a-404e-8f73-84e3046393be,M-1512,ORD-20260703-5194-0242,CONCESSION_ACCRUAL,12,75,2026-07-03T16:42:00+08:00
02d139c3-4b0d-4d38-bb3b-1ebe7983079c,M-1786,ORD-20260703-6462-0243,CONCESSION_ACCRUAL,11,403,2026-07-03T13:31:00+08:00
57713f50-e36a-4456-81e7-18099f78ea04,M-1529,ORD-20260703-2685-0244,CONCESSION_ACCRUAL,8,209,2026-07-03T17:17:00+08:00
39a4deb5-b3c5-4995-99d4-c4bd39cac054,M-1596,ORD-20260703-2114-0245,CONCESSION_ACCRUAL,15,277,2026-07-03T12:08:00+08:00
b223771d-80fe-414f-a6b2-5914a1483c8b,M-1274,ORD-20260703-1795-0246,CONCESSION_ACCRUAL,7,78,2026-07-03T20:32:00+08:00
9eedb85d-f924-45f9-a1cf-d897c0aa7c72,M-1367,ORD-20260703-3571-0247,CONCESSION_ACCRUAL,7,173,2026-07-03T09:27:00+08:00
c38a66fb-98c4-4260-a9e9-d8c78c14750a,M-1800,ORD-20260703-8891-0248,CONCESSION_ACCRUAL,18,198,2026-07-03T14:42:00+08:00
27114280-2148-450b-98dd-99db6b7d2cbb,M-1320,ORD-20260703-2082-0249,CONCESSION_ACCRUAL,11,792,2026-07-03T18:08:00+08:00
1aeb8964-1b04-4ad6-ae8d-6a43a2375b9c,M-1093,ORD-20260703-3869-0250,CONCESSION_ACCRUAL,15,127,2026-07-03T17:18:00+08:00
7a3c85b3-08f4-4845-90c6-fd42c047a286,M-1829,ORD-20260703-1822-0251,CONCESSION_ACCRUAL,13,136,2026-07-03T09:05:00+08:00
a7a7a8b3-0345-49de-8e79-92b9747b94e3,M-1649,ORD-20260703-6142-0252,CONCESSION_ACCRUAL,16,171,2026-07-03T14:41:00+08:00
746a50a0-b5bb-4011-8bf8-1afcba89d4f9,M-1415,ORD-20260703-9717-0253,CONCESSION_ACCRUAL,9,1213,2026-07-03T22:29:00+08:00
f56067f2-4a77-4525-8c05-e6e00cfca570,M-1766,ORD-20260703-5244-0254,CONCESSION_ACCRUAL,33,321,2026-07-03T17:16:00+08:00
90e78074-7c0f-43ea-b73a-379a1b21512a,M-1073,ORD-20260703-5460-0255,CONCESSION_ACCRUAL,8,94,2026-07-03T11:20:00+08:00
a7ca0e1e-c648-47d2-a933-d5f598ca7f4a,M-1817,ORD-20260703-1807-0256,CONCESSION_ACCRUAL,13,74,2026-07-03T20:01:00+08:00
f5d2e22e-8fd2-42c8-9bc9-15bda33eb291,M-1470,ORD-20260703-2063-0257,CONCESSION_ACCRUAL,9,94,2026-07-03T10:44:00+08:00
117e2c51-95e6-41f8-977e-e318396aa0e9,M-1402,ORD-20260703-8362-0258,CONCESSION_ACCRUAL,27,133,2026-07-03T14:44:00+08:00
8bfc2a0f-a5fd-41cc-ace6-eaffb2a3f92c,M-1171,ORD-20260703-3853-0259,CONCESSION_ACCRUAL,9,153,2026-07-03T22:32:00+08:00
fbf2a543-f3cb-4a4a-b33c-e9e2f960db03,M-1019,ORD-20260703-8659-0260,CONCESSION_ACCRUAL,8,70,2026-07-03T16:34:00+08:00
a759477d-3ac1-4181-81d1-ea0cc9a0a556,M-1131,ORD-20260703-5738-0261,CONCESSION_ACCRUAL,24,207,2026-07-03T15:15:00+08:00
73340650-c4f6-4ea5-aa1e-2e18269004ac,M-1325,ORD-20260703-8573-0262,CONCESSION_ACCRUAL,20,202,2026-07-03T16:39:00+08:00
843a4ee3-4882-47ad-805a-d46dca9ee37d,M-1697,ORD-20260703-2059-0263,CONCESSION_ACCRUAL,15,138,2026-07-03T21:34:00+08:00
7e6ea294-ab7f-4030-91a2-93e525530a1b,M-1479,ORD-20260703-9588-0264,CONCESSION_ACCRUAL,40,2553,2026-07-03T11:48:00+08:00
e24386cd-e148-497c-a6b6-57c96900c8c9,M-1670,ORD-20260703-2468-0265,CONCESSION_ACCRUAL,33,148,2026-07-03T13:14:00+08:00
5d1fa4ef-4d91-4d47-99ee-1679357dbf28,M-1556,ORD-20260703-2546-0266,CONCESSION_ACCRUAL,12,62,2026-07-03T16:44:00+08:00
c149b28e-d8a8-4a87-a4ef-95d73dacd7fc,M-1596,ORD-20260703-7884-0267,CONCESSION_ACCRUAL,10,287,2026-07-03T10:04:00+08:00
d355b248-7c98-49c4-9254-639279f845a2,M-1394,ORD-20260703-7070-0268,CONCESSION_ACCRUAL,8,467,2026-07-03T09:07:00+08:00
7aef28b8-a930-4ede-b563-fbe6662ca0fd,M-1033,ORD-20260703-5545-0269,CONCESSION_ACCRUAL,12,54,2026-07-03T11:21:00+08:00
0e016a0d-5679-4cdc-94fa-756e5a283d62,M-1642,ORD-20260703-6127-0270,CONCESSION_ACCRUAL,8,346,2026-07-03T18:25:00+08:00
671c8a01-5bb6-43af-8fe7-ba65e27431d5,M-1137,ORD-20260703-4233-0271,CONCESSION_ACCRUAL,9,59,2026-07-03T14:33:00+08:00
702e3591-0cdb-42b7-8d1e-55a99dd8919a,M-1427,ORD-20260703-7354-0272,CONCESSION_ACCRUAL,6,66,2026-07-03T16:20:00+08:00
c74c65f0-b5d0-434e-9fcf-4325f68e7e5f,M-1126,ORD-20260703-8782-0273,CONCESSION_ACCRUAL,17,179,2026-07-03T13:22:00+08:00
c9aab4d8-3d9e-4567-b9e7-5e7c2137fb74,M-1462,ORD-20260703-4653-0274,CONCESSION_ACCRUAL,11,318,2026-07-03T17:40:00+08:00
2da03762-d62b-4e88-822e-25e47b006034,M-1483,ORD-20260703-6130-0275,CONCESSION_ACCRUAL,8,125,2026-07-03T18:33:00+08:00
51972070-fda7-4adb-8f32-63358ef75332,M-1710,ORD-20260703-4898-0276,CONCESSION_ACCRUAL,12,105,2026-07-03T16:58:00+08:00
b3d0aa40-afd9-4682-81c4-6ad367525d84,M-1286,ORD-20260703-5907-0277,CONCESSION_ACCRUAL,12,201,2026-07-03T20:54:00+08:00
b7889b43-e0cc-43bc-ab1e-59704be8a640,M-1192,ORD-20260703-8068-0278,CONCESSION_ACCRUAL,6,91,2026-07-03T18:03:00+08:00
5e9255ad-012f-4e77-b444-0f8f4cd4c737,M-1192,TIER_UPGRADE_Standard_TO_Silver,TIER_BONUS,50,141,2026-07-03T18:03:00+08:00
0c8d1853-d14a-46a9-9187-66d7a542a4f3,M-1443,ORD-20260703-5193-0279,CONCESSION_ACCRUAL,13,93,2026-07-03T09:37:00+08:00
2c0ca8ec-a146-456c-ab66-b0a7785c1d5b,M-1514,ORD-20260703-5173-0280,CONCESSION_ACCRUAL,18,136,2026-07-03T22:25:00+08:00
f90d2822-dad8-4a22-91f2-f56a88a0a514,M-1599,ORD-20260703-3142-0281,CONCESSION_ACCRUAL,15,78,2026-07-03T22:23:00+08:00
fb770dfc-da3c-49d5-a0b1-73bd77e477ec,M-1381,ORD-20260703-9147-0282,CONCESSION_ACCRUAL,10,318,2026-07-03T13:25:00+08:00
b4c576ee-3e91-4955-8898-96d3d574b7ad,M-1664,ORD-20260703-1445-0283,CONCESSION_ACCRUAL,36,2356,2026-07-03T13:15:00+08:00
f31bc937-302c-4b70-a241-a909a9dee76d,M-1703,ORD-20260703-1058-0284,CONCESSION_ACCRUAL,20,128,2026-07-03T18:03:00+08:00
3a6745e5-8a19-4623-8604-d216c19fa5fe,M-1703,TIER_UPGRADE_Standard_TO_Silver,TIER_BONUS,50,178,2026-07-03T18:03:00+08:00
2733242f-0ac2-44ee-9da8-f8f4bef1e02a,M-1289,ORD-20260703-6546-0285,CONCESSION_ACCRUAL,15,165,2026-07-03T21:38:00+08:00
93446657-089a-4e06-a34b-e7b8c0c2e56e,M-1673,ORD-20260703-5384-0286,CONCESSION_ACCRUAL,9,112,2026-07-03T15:00:00+08:00
300ca83f-bb54-49e1-8db5-ba40dacf0af8,M-1785,ORD-20260703-2980-0287,CONCESSION_ACCRUAL,15,179,2026-07-03T22:24:00+08:00
566be6a1-27b6-4e7f-b7ed-89a89e620a7a,M-1811,ORD-20260703-6938-0288,CONCESSION_ACCRUAL,9,148,2026-07-03T17:35:00+08:00
ad3a8b10-e272-469d-b5dc-e700b96660ea,M-1454,ORD-20260703-5501-0289,CONCESSION_ACCRUAL,12,1538,2026-07-03T17:57:00+08:00
486e561c-71a9-41da-a972-10d86d95569f,M-1022,ORD-20260703-8186-0290,CONCESSION_ACCRUAL,16,72,2026-07-03T21:01:00+08:00
85955049-3871-4d0d-add8-e6e7847d3069,M-1711,ORD-20260703-2563-0291,CONCESSION_ACCRUAL,59,175,2026-07-03T09:37:00+08:00
a1521b07-2bb3-4f60-9f3e-9ec5938d86e1,M-1456,ORD-20260703-1309-0292,CONCESSION_ACCRUAL,9,186,2026-07-03T11:25:00+08:00
50ab725f-e243-4b9f-ab1c-617cfc86a06d,M-1753,ORD-20260703-4679-0293,CONCESSION_ACCRUAL,29,87,2026-07-03T09:51:00+08:00
d691197c-628a-4e74-9783-15f6f04ff9d8,M-1572,ORD-20260703-5474-0294,CONCESSION_ACCRUAL,3,59,2026-07-03T15:56:00+08:00
8104c946-eada-4947-b83c-46828ab97ec0,M-1371,ORD-20260703-4671-0295,CONCESSION_ACCRUAL,5,80,2026-07-03T17:52:00+08:00
6f74fd59-cb02-429d-b916-36049eb4e590,M-1277,ORD-20260703-4325-0296,CONCESSION_ACCRUAL,30,2590,2026-07-03T19:49:00+08:00
