order_item_id,purchase_id,item_sku,quantity,unit_price,total_price
ITEM-20260824-9512-0001-01,ORD-20260824-9512-0001,SKU-BEV-02,1,90.00,90.00
ITEM-20260824-9713-0002-01,ORD-20260824-9713-0002,SKU-BEV-04,1,85.00,85.00
ITEM-20260824-9713-0002-02,ORD-20260824-9713-0002,SKU-SNK-04,2,60.00,120.00
ITEM-20260824-7237-0003-01,ORD-20260824-7237-0003,SKU-BEV-01,1,65.00,65.00
ITEM-20260824-3507-0004-01,ORD-20260824-3507-0004,SKU-BEV-02,1,90.00,90.00
ITEM-20260825-3186-0005-01,ORD-20260825-3186-0005,SKU-BEV-01,1,65.00,65.00
ITEM-20260825-9971-0006-01,ORD-20260825-9971-0006,SKU-BEV-01,1,65.00,65.00
ITEM-20260824-6064-0007-01,ORD-20260824-6064-0007,SKU-ACC-01,2,25.00,50.00
ITEM-20260824-6064-0007-02,ORD-20260824-6064-0007,SKU-BEV-02,1,90.00,90.00
ITEM-20260824-4030-0008-01,ORD-20260824-4030-0008,SKU-BEV-01,1,65.00,65.00
ITEM-20260824-4030-0008-02,ORD-20260824-4030-0008,SKU-SNK-02,1,135.00,135.00
ITEM-20260824-7375-0009-01,ORD-20260824-7375-0009,SKU-BEV-01,1,65.00,65.00
ITEM-20260824-4110-0010-01,ORD-20260824-4110-0010,SKU-BEV-02,1,90.00,90.00
ITEM-20260825-2523-0011-01,ORD-20260825-2523-0011,SKU-SNK-02,1,135.00,135.00
ITEM-20260824-2100-0012-01,ORD-20260824-2100-0012,SKU-BEV-02,1,90.00,90.00
ITEM-20260825-8404-0013-01,ORD-20260825-8404-0013,SKU-SNK-04,1,60.00,60.00
ITEM-20260825-8404-0013-02,ORD-20260825-8404-0013,SKU-SNK-01,1,120.00,120.00
ITEM-20260824-5999-0014-01,ORD-20260824-5999-0014,SKU-BEV-03,1,30.00,30.00
ITEM-20260824-8583-0015-01,ORD-20260824-8583-0015,SKU-SNK-01,1,120.00,120.00
ITEM-20260824-3736-0016-01,ORD-20260824-3736-0016,SKU-BEV-01,1,65.00,65.00
ITEM-20260824-3736-0016-02,ORD-20260824-3736-0016,SKU-SNK-02,1,135.00,135.00
ITEM-20260824-5312-0017-01,ORD-20260824-5312-0017,SKU-BEV-02,1,90.00,90.00
ITEM-20260824-5312-0017-02,ORD-20260824-5312-0017,SKU-BEV-01,1,65.00,65.00
ITEM-20260824-6741-0018-01,ORD-20260824-6741-0018,SKU-BEV-03,1,30.00,30.00
ITEM-20260824-2528-0019-01,ORD-20260824-2528-0019,SKU-SNK-02,3,135.00,405.00
ITEM-20260825-4431-0020-01,ORD-20260825-4431-0020,SKU-SNK-03,1,75.00,75.00
ITEM-20260824-9602-0021-01,ORD-20260824-9602-0021,SKU-SNK-01,1,120.00,120.00
ITEM-20260824-9602-0021-02,ORD-20260824-9602-0021,SKU-SNK-02,2,135.00,270.00
ITEM-20260824-4284-0022-01,ORD-20260824-4284-0022,SKU-SNK-02,1,135.00,135.00
ITEM-20260824-4284-0022-02,ORD-20260824-4284-0022,SKU-SNK-01,1,120.00,120.00
ITEM-20260824-8894-0023-01,ORD-20260824-8894-0023,SKU-BEV-01,1,65.00,65.00
ITEM-20260824-8894-0023-02,ORD-20260824-8894-0023,SKU-BEV-02,1,90.00,90.00
ITEM-20260824-7100-0024-01,ORD-20260824-7100-0024,SKU-BEV-02,1,90.00,90.00
ITEM-20260824-7100-0024-02,ORD-20260824-7100-0024,SKU-BEV-01,1,65.00,65.00
ITEM-20260824-9349-0025-01,ORD-20260824-9349-0025,SKU-ACC-01,1,25.00,25.00
ITEM-20260824-9516-0026-01,ORD-20260824-9516-0026,SKU-SNK-01,1,120.00,120.00
ITEM-20260824-9516-0026-02,ORD-20260824-9516-0026,SKU-BEV-03,1,30.00,30.00
ITEM-20260824-7072-0027-01,ORD-20260824-7072-0027,SKU-BEV-04,1,85.00,85.00
ITEM-20260824-5022-0028-01,ORD-20260824-5022-0028,SKU-BEV-01,1,65.00,65.00
ITEM-20260824-4352-0029-01,ORD-20260824-4352-0029,SKU-SNK-02,1,135.00,135.00
ITEM-20260824-2945-0030-01,ORD-20260824-2945-0030,SKU-BEV-02,1,90.00,90.00
ITEM-20260824-2945-0030-02,ORD-20260824-2945-0030,SKU-BEV-03,1,30.00,30.00
ITEM-20260824-6758-0031-01,ORD-20260824-6758-0031,SKU-BEV-01,1,65.00,65.00
ITEM-20260824-6758-0031-02,ORD-20260824-6758-0031,SKU-BEV-03,1,30.00,30.00
ITEM-20260824-3771-0032-01,ORD-20260824-3771-0032,SKU-BEV-04,1,85.00,85.00
ITEM-20260824-6075-0033-01,ORD-20260824-6075-0033,SKU-BEV-04,1,85.00,85.00
ITEM-20260824-2542-0034-01,ORD-20260824-2542-0034,SKU-BEV-01,1,65.00,65.00
ITEM-20260824-8127-0035-01,ORD-20260824-8127-0035,SKU-SNK-02,1,135.00,135.00
ITEM-20260824-2488-0036-01,ORD-20260824-2488-0036,SKU-SNK-02,1,135.00,135.00
ITEM-20260824-6748-0037-01,ORD-20260824-6748-0037,SKU-SNK-01,2,120.00,240.00
ITEM-20260824-6748-0037-02,ORD-20260824-6748-0037,SKU-BEV-02,2,90.00,180.00
ITEM-20260824-6748-0037-03,ORD-20260824-6748-0037,SKU-BEV-01,1,65.00,65.00
ITEM-20260824-8053-0038-01,ORD-20260824-8053-0038,SKU-BEV-03,1,30.00,30.00
ITEM-20260825-2033-0039-01,ORD-20260825-2033-0039,SKU-ACC-01,1,25.00,25.00
ITEM-20260825-2033-0039-02,ORD-20260825-2033-0039,SKU-SNK-01,1,120.00,120.00
ITEM-20260824-3921-0040-01,ORD-20260824-3921-0040,SKU-BEV-03,1,30.00,30.00
ITEM-20260824-3921-0040-02,ORD-20260824-3921-0040,SKU-SNK-01,1,120.00,120.00
ITEM-20260824-3921-0040-03,ORD-20260824-3921-0040,SKU-BEV-02,1,90.00,90.00
ITEM-20260824-9713-0041-01,ORD-20260824-9713-0041,SKU-BEV-02,2,90.00,180.00
ITEM-20260824-9713-0041-02,ORD-20260824-9713-0041,SKU-BEV-01,1,65.00,65.00
ITEM-20260824-9862-0042-01,ORD-20260824-9862-0042,SKU-BEV-03,1,30.00,30.00
ITEM-20260824-3489-0043-01,ORD-20260824-3489-0043,SKU-BEV-02,2,90.00,180.00
ITEM-20260824-9462-0044-01,ORD-20260824-9462-0044,SKU-BEV-01,1,65.00,65.00
ITEM-20260824-9462-0044-02,ORD-20260824-9462-0044,SKU-SNK-01,1,120.00,120.00
ITEM-20260824-9462-0044-03,ORD-20260824-9462-0044,SKU-SNK-02,1,135.00,135.00
ITEM-20260825-2033-0045-01,ORD-20260825-2033-0045,SKU-BEV-03,1,30.00,30.00
ITEM-20260824-6576-0046-01,ORD-20260824-6576-0046,SKU-BEV-01,1,65.00,65.00
ITEM-20260824-2917-0047-01,ORD-20260824-2917-0047,SKU-BEV-04,1,85.00,85.00
ITEM-20260824-6226-0048-01,ORD-20260824-6226-0048,SKU-BEV-01,1,65.00,65.00
ITEM-20260825-1425-0049-01,ORD-20260825-1425-0049,SKU-BEV-03,1,30.00,30.00
ITEM-20260825-1425-0049-02,ORD-20260825-1425-0049,SKU-SNK-02,2,135.00,270.00
ITEM-20260824-7382-0050-01,ORD-20260824-7382-0050,SKU-BEV-02,1,90.00,90.00
ITEM-20260824-7382-0050-02,ORD-20260824-7382-0050,SKU-BEV-01,1,65.00,65.00
ITEM-20260824-9881-0051-01,ORD-20260824-9881-0051,SKU-BEV-02,2,90.00,180.00
ITEM-20260824-9881-0051-02,ORD-20260824-9881-0051,SKU-SNK-01,2,120.00,240.00
ITEM-20260824-6258-0052-01,ORD-20260824-6258-0052,SKU-SNK-03,1,75.00,75.00
ITEM-20260824-6258-0052-02,ORD-20260824-6258-0052,SKU-SNK-01,1,120.00,120.00
ITEM-20260824-5917-0053-01,ORD-20260824-5917-0053,SKU-SNK-03,1,75.00,75.00
ITEM-20260824-2138-0054-01,ORD-20260824-2138-0054,SKU-BEV-02,1,90.00,90.00
ITEM-20260824-2138-0054-02,ORD-20260824-2138-0054,SKU-BEV-01,1,65.00,65.00
ITEM-20260825-2863-0055-01,ORD-20260825-2863-0055,SKU-BEV-02,1,90.00,90.00
ITEM-20260825-2863-0055-02,ORD-20260825-2863-0055,SKU-SNK-01,1,120.00,120.00
ITEM-20260824-2405-0056-01,ORD-20260824-2405-0056,SKU-BEV-02,1,90.00,90.00
ITEM-20260824-2405-0056-02,ORD-20260824-2405-0056,SKU-BEV-01,1,65.00,65.00
ITEM-20260824-2405-0056-03,ORD-20260824-2405-0056,SKU-SNK-02,1,135.00,135.00
ITEM-20260824-2360-0057-01,ORD-20260824-2360-0057,SKU-SNK-02,1,135.00,135.00
ITEM-20260824-8007-0058-01,ORD-20260824-8007-0058,SKU-SNK-01,1,120.00,120.00
ITEM-20260824-2606-0059-01,ORD-20260824-2606-0059,SKU-SNK-01,1,120.00,120.00
ITEM-20260824-2606-0059-02,ORD-20260824-2606-0059,SKU-BEV-02,1,90.00,90.00
ITEM-20260824-4084-0060-01,ORD-20260824-4084-0060,SKU-BEV-01,1,65.00,65.00
ITEM-20260824-4488-0061-01,ORD-20260824-4488-0061,SKU-BEV-03,2,30.00,60.00
ITEM-20260824-4488-0061-02,ORD-20260824-4488-0061,SKU-SNK-01,1,120.00,120.00
ITEM-20260825-1648-0062-01,ORD-20260825-1648-0062,SKU-BEV-01,1,65.00,65.00
ITEM-20260824-4519-0063-01,ORD-20260824-4519-0063,SKU-BEV-01,1,65.00,65.00
ITEM-20260824-7336-0064-01,ORD-20260824-7336-0064,SKU-SNK-01,1,120.00,120.00
ITEM-20260824-5921-0065-01,ORD-20260824-5921-0065,SKU-BEV-02,1,90.00,90.00
ITEM-20260824-2465-0066-01,ORD-20260824-2465-0066,SKU-BEV-04,1,85.00,85.00
ITEM-20260824-5396-0067-01,ORD-20260824-5396-0067,SKU-BEV-01,1,65.00,65.00
ITEM-20260824-7954-0068-01,ORD-20260824-7954-0068,SKU-BEV-01,1,65.00,65.00
ITEM-20260824-7954-0068-02,ORD-20260824-7954-0068,SKU-BEV-04,1,85.00,85.00
ITEM-20260824-1751-0069-01,ORD-20260824-1751-0069,SKU-BEV-03,1,30.00,30.00
ITEM-20260824-5726-0070-01,ORD-20260824-5726-0070,SKU-BEV-01,1,65.00,65.00
ITEM-20260824-3859-0071-01,ORD-20260824-3859-0071,SKU-BEV-01,1,65.00,65.00
ITEM-20260825-7152-0072-01,ORD-20260825-7152-0072,SKU-SNK-01,1,120.00,120.00
ITEM-20260824-9300-0073-01,ORD-20260824-9300-0073,SKU-SNK-01,2,120.00,240.00
ITEM-20260824-9300-0073-02,ORD-20260824-9300-0073,SKU-BEV-03,1,30.00,30.00
ITEM-20260824-5903-0074-01,ORD-20260824-5903-0074,SKU-SNK-01,1,120.00,120.00
ITEM-20260824-7967-0075-01,ORD-20260824-7967-0075,SKU-ACC-02,1,180.00,180.00
ITEM-20260824-7967-0075-02,ORD-20260824-7967-0075,SKU-BEV-01,1,65.00,65.00
ITEM-20260824-5222-0076-01,ORD-20260824-5222-0076,SKU-SNK-01,1,120.00,120.00
ITEM-20260824-6884-0077-01,ORD-20260824-6884-0077,SKU-BEV-03,1,30.00,30.00
ITEM-20260824-6884-0077-02,ORD-20260824-6884-0077,SKU-SNK-01,1,120.00,120.00
ITEM-20260824-9385-0078-01,ORD-20260824-9385-0078,SKU-BEV-02,1,90.00,90.00
ITEM-20260824-9385-0078-02,ORD-20260824-9385-0078,SKU-BEV-04,1,85.00,85.00
ITEM-20260824-9488-0079-01,ORD-20260824-9488-0079,SKU-SNK-01,1,120.00,120.00
ITEM-20260825-4344-0080-01,ORD-20260825-4344-0080,SKU-SNK-01,1,120.00,120.00
ITEM-20260825-4344-0080-02,ORD-20260825-4344-0080,SKU-BEV-02,1,90.00,90.00
ITEM-20260824-9272-0081-01,ORD-20260824-9272-0081,SKU-BEV-01,1,65.00,65.00
ITEM-20260824-9179-0082-01,ORD-20260824-9179-0082,SKU-SNK-03,1,75.00,75.00
ITEM-20260825-4971-0083-01,ORD-20260825-4971-0083,SKU-BEV-01,1,65.00,65.00
ITEM-20260824-2038-0084-01,ORD-20260824-2038-0084,SKU-SNK-03,2,75.00,150.00
ITEM-20260825-4619-0085-01,ORD-20260825-4619-0085,SKU-BEV-01,1,65.00,65.00
ITEM-20260825-5842-0086-01,ORD-20260825-5842-0086,SKU-SNK-02,1,135.00,135.00
ITEM-20260825-5842-0086-02,ORD-20260825-5842-0086,SKU-BEV-02,1,90.00,90.00
ITEM-20260824-2234-0087-01,ORD-20260824-2234-0087,SKU-ACC-01,1,25.00,25.00
ITEM-20260824-3476-0088-01,ORD-20260824-3476-0088,SKU-BEV-03,1,30.00,30.00
ITEM-20260824-8026-0089-01,ORD-20260824-8026-0089,SKU-BEV-02,2,90.00,180.00
ITEM-20260824-8026-0089-02,ORD-20260824-8026-0089,SKU-SNK-02,1,135.00,135.00
ITEM-20260824-9976-0090-01,ORD-20260824-9976-0090,SKU-BEV-01,1,65.00,65.00
ITEM-20260824-7229-0091-01,ORD-20260824-7229-0091,SKU-SNK-01,1,120.00,120.00
ITEM-20260824-7229-0091-02,ORD-20260824-7229-0091,SKU-BEV-02,1,90.00,90.00
ITEM-20260824-8649-0092-01,ORD-20260824-8649-0092,SKU-BEV-04,2,85.00,170.00
ITEM-20260824-2596-0093-01,ORD-20260824-2596-0093,SKU-SNK-01,1,120.00,120.00
ITEM-20260824-9427-0094-01,ORD-20260824-9427-0094,SKU-SNK-01,1,120.00,120.00
ITEM-20260824-9427-0094-02,ORD-20260824-9427-0094,SKU-SNK-03,1,75.00,75.00
ITEM-20260824-6649-0095-01,ORD-20260824-6649-0095,SKU-SNK-03,1,75.00,75.00
ITEM-20260825-4817-0096-01,ORD-20260825-4817-0096,SKU-BEV-01,1,65.00,65.00
ITEM-20260825-4817-0096-02,ORD-20260825-4817-0096,SKU-BEV-02,2,90.00,180.00
ITEM-20260824-4443-0097-01,ORD-20260824-4443-0097,SKU-BEV-02,1,90.00,90.00
ITEM-20260824-2052-0098-01,ORD-20260824-2052-0098,SKU-BEV-02,1,90.00,90.00
ITEM-20260824-2032-0099-01,ORD-20260824-2032-0099,SKU-SNK-01,1,120.00,120.00
ITEM-20260824-8091-0100-01,ORD-20260824-8091-0100,SKU-BEV-01,1,65.00,65.00
ITEM-20260824-8091-0100-02,ORD-20260824-8091-0100,SKU-SNK-02,1,135.00,135.00
ITEM-20260824-9817-0101-01,ORD-20260824-9817-0101,SKU-SNK-01,1,120.00,120.00
ITEM-20260825-4277-0102-01,ORD-20260825-4277-0102,SKU-BEV-01,1,65.00,65.00
ITEM-20260824-2018-0103-01,ORD-20260824-2018-0103,SKU-SNK-03,1,75.00,75.00
ITEM-20260824-3443-0104-01,ORD-20260824-3443-0104,SKU-BEV-01,1,65.00,65.00
ITEM-20260824-3443-0104-02,ORD-20260824-3443-0104,SKU-SNK-01,1,120.00,120.00
ITEM-20260824-6163-0105-01,ORD-20260824-6163-0105,SKU-BEV-04,2,85.00,170.00
ITEM-20260825-2362-0106-01,ORD-20260825-2362-0106,SKU-SNK-01,2,120.00,240.00
ITEM-20260824-6316-0107-01,ORD-20260824-6316-0107,SKU-BEV-03,1,30.00,30.00
ITEM-20260825-7206-0108-01,ORD-20260825-7206-0108,SKU-SNK-02,1,135.00,135.00
ITEM-20260825-8745-0109-01,ORD-20260825-8745-0109,SKU-SNK-03,1,75.00,75.00
ITEM-20260825-8745-0109-02,ORD-20260825-8745-0109,SKU-BEV-02,1,90.00,90.00
ITEM-20260825-8745-0109-03,ORD-20260825-8745-0109,SKU-BEV-01,1,65.00,65.00
ITEM-20260824-4298-0110-01,ORD-20260824-4298-0110,SKU-SNK-04,1,60.00,60.00
ITEM-20260824-4298-0110-02,ORD-20260824-4298-0110,SKU-SNK-03,1,75.00,75.00
ITEM-20260824-8689-0111-01,ORD-20260824-8689-0111,SKU-ACC-01,3,25.00,75.00
ITEM-20260824-8689-0111-02,ORD-20260824-8689-0111,SKU-BEV-03,1,30.00,30.00
ITEM-20260824-8689-0111-03,ORD-20260824-8689-0111,SKU-BEV-04,1,85.00,85.00
ITEM-20260824-3564-0112-01,ORD-20260824-3564-0112,SKU-SNK-03,1,75.00,75.00
ITEM-20260824-3564-0112-02,ORD-20260824-3564-0112,SKU-BEV-01,2,65.00,130.00
ITEM-20260824-9560-0113-01,ORD-20260824-9560-0113,SKU-BEV-02,1,90.00,90.00
ITEM-20260824-9560-0113-02,ORD-20260824-9560-0113,SKU-BEV-03,1,30.00,30.00
ITEM-20260825-9835-0114-01,ORD-20260825-9835-0114,SKU-BEV-04,1,85.00,85.00
ITEM-20260824-2653-0115-01,ORD-20260824-2653-0115,SKU-BEV-04,1,85.00,85.00
ITEM-20260824-2653-0115-02,ORD-20260824-2653-0115,SKU-SNK-04,1,60.00,60.00
ITEM-20260824-2360-0116-01,ORD-20260824-2360-0116,SKU-BEV-01,1,65.00,65.00
ITEM-20260824-7219-0117-01,ORD-20260824-7219-0117,SKU-BEV-03,1,30.00,30.00
ITEM-20260824-3623-0118-01,ORD-20260824-3623-0118,SKU-ACC-02,1,180.00,180.00
ITEM-20260824-7889-0119-01,ORD-20260824-7889-0119,SKU-BEV-04,1,85.00,85.00
ITEM-20260824-7889-0119-02,ORD-20260824-7889-0119,SKU-SNK-01,1,120.00,120.00
ITEM-20260824-7889-0119-03,ORD-20260824-7889-0119,SKU-BEV-02,1,90.00,90.00
ITEM-20260824-6304-0120-01,ORD-20260824-6304-0120,SKU-BEV-03,1,30.00,30.00
ITEM-20260824-6304-0120-02,ORD-20260824-6304-0120,SKU-SNK-02,1,135.00,135.00
ITEM-20260824-4062-0121-01,ORD-20260824-4062-0121,SKU-SNK-02,1,135.00,135.00
ITEM-20260824-5662-0122-01,ORD-20260824-5662-0122,SKU-BEV-02,1,90.00,90.00
ITEM-20260825-1813-0123-01,ORD-20260825-1813-0123,SKU-BEV-01,1,65.00,65.00
ITEM-20260824-9209-0124-01,ORD-20260824-9209-0124,SKU-BEV-02,1,90.00,90.00
ITEM-20260824-6563-0125-01,ORD-20260824-6563-0125,SKU-ACC-02,2,180.00,360.00
ITEM-20260824-1308-0126-01,ORD-20260824-1308-0126,SKU-BEV-01,1,65.00,65.00
ITEM-20260824-1308-0126-02,ORD-20260824-1308-0126,SKU-BEV-04,1,85.00,85.00
ITEM-20260824-9409-0127-01,ORD-20260824-9409-0127,SKU-BEV-03,1,30.00,30.00
ITEM-20260824-9409-0127-02,ORD-20260824-9409-0127,SKU-BEV-04,2,85.00,170.00
ITEM-20260824-1507-0128-01,ORD-20260824-1507-0128,SKU-BEV-03,1,30.00,30.00
ITEM-20260824-1507-0128-02,ORD-20260824-1507-0128,SKU-SNK-02,1,135.00,135.00
ITEM-20260824-6803-0129-01,ORD-20260824-6803-0129,SKU-BEV-03,1,30.00,30.00
ITEM-20260824-6803-0129-02,ORD-20260824-6803-0129,SKU-SNK-01,1,120.00,120.00
ITEM-20260824-3087-0130-01,ORD-20260824-3087-0130,SKU-BEV-01,1,65.00,65.00
ITEM-20260824-3087-0130-02,ORD-20260824-3087-0130,SKU-BEV-02,2,90.00,180.00
ITEM-20260824-9260-0131-01,ORD-20260824-9260-0131,SKU-BEV-01,1,65.00,65.00
ITEM-20260824-9260-0131-02,ORD-20260824-9260-0131,SKU-SNK-04,2,60.00,120.00
ITEM-20260824-3164-0132-01,ORD-20260824-3164-0132,SKU-BEV-01,1,65.00,65.00
ITEM-20260824-3164-0132-02,ORD-20260824-3164-0132,SKU-SNK-03,1,75.00,75.00
ITEM-20260824-5493-0133-01,ORD-20260824-5493-0133,SKU-SNK-02,1,135.00,135.00
ITEM-20260825-1854-0134-01,ORD-20260825-1854-0134,SKU-ACC-01,1,25.00,25.00
ITEM-20260825-1854-0134-02,ORD-20260825-1854-0134,SKU-SNK-01,1,120.00,120.00
ITEM-20260824-7758-0135-01,ORD-20260824-7758-0135,SKU-BEV-02,2,90.00,180.00
ITEM-20260824-4317-0136-01,ORD-20260824-4317-0136,SKU-BEV-01,1,65.00,65.00
ITEM-20260824-9555-0137-01,ORD-20260824-9555-0137,SKU-BEV-02,1,90.00,90.00
ITEM-20260824-9555-0137-02,ORD-20260824-9555-0137,SKU-BEV-01,1,65.00,65.00
ITEM-20260824-1754-0138-01,ORD-20260824-1754-0138,SKU-BEV-02,1,90.00,90.00
ITEM-20260824-1754-0138-02,ORD-20260824-1754-0138,SKU-SNK-03,1,75.00,75.00
ITEM-20260825-2639-0139-01,ORD-20260825-2639-0139,SKU-SNK-04,1,60.00,60.00
ITEM-20260825-2639-0139-02,ORD-20260825-2639-0139,SKU-SNK-03,1,75.00,75.00
ITEM-20260825-6989-0140-01,ORD-20260825-6989-0140,SKU-SNK-03,1,75.00,75.00
ITEM-20260824-4165-0141-01,ORD-20260824-4165-0141,SKU-BEV-03,1,30.00,30.00
ITEM-20260824-4165-0141-02,ORD-20260824-4165-0141,SKU-BEV-02,1,90.00,90.00
ITEM-20260824-8846-0142-01,ORD-20260824-8846-0142,SKU-SNK-02,1,135.00,135.00
ITEM-20260824-8489-0143-01,ORD-20260824-8489-0143,SKU-SNK-01,2,120.00,240.00
ITEM-20260825-6879-0144-01,ORD-20260825-6879-0144,SKU-SNK-01,1,120.00,120.00
ITEM-20260825-3426-0145-01,ORD-20260825-3426-0145,SKU-SNK-01,1,120.00,120.00
ITEM-20260825-3426-0145-02,ORD-20260825-3426-0145,SKU-SNK-04,1,60.00,60.00
ITEM-20260825-9518-0146-01,ORD-20260825-9518-0146,SKU-ACC-02,1,180.00,180.00
ITEM-20260825-9518-0146-02,ORD-20260825-9518-0146,SKU-BEV-02,1,90.00,90.00
ITEM-20260824-6545-0147-01,ORD-20260824-6545-0147,SKU-BEV-01,1,65.00,65.00
ITEM-20260824-6545-0147-02,ORD-20260824-6545-0147,SKU-SNK-01,1,120.00,120.00
ITEM-20260824-5925-0148-01,ORD-20260824-5925-0148,SKU-BEV-03,1,30.00,30.00
ITEM-20260825-5568-0149-01,ORD-20260825-5568-0149,SKU-BEV-02,2,90.00,180.00
ITEM-20260824-1620-0150-01,ORD-20260824-1620-0150,SKU-BEV-02,1,90.00,90.00
ITEM-20260824-2769-0151-01,ORD-20260824-2769-0151,SKU-BEV-04,1,85.00,85.00
ITEM-20260825-9030-0152-01,ORD-20260825-9030-0152,SKU-SNK-01,2,120.00,240.00
ITEM-20260824-1660-0153-01,ORD-20260824-1660-0153,SKU-SNK-01,1,120.00,120.00
ITEM-20260824-1660-0153-02,ORD-20260824-1660-0153,SKU-SNK-02,2,135.00,270.00
ITEM-20260824-6744-0154-01,ORD-20260824-6744-0154,SKU-BEV-02,1,90.00,90.00
ITEM-20260824-6744-0154-02,ORD-20260824-6744-0154,SKU-BEV-01,1,65.00,65.00
ITEM-20260824-1313-0155-01,ORD-20260824-1313-0155,SKU-BEV-01,1,65.00,65.00
ITEM-20260824-9243-0156-01,ORD-20260824-9243-0156,SKU-BEV-02,2,90.00,180.00
ITEM-20260825-5220-0157-01,ORD-20260825-5220-0157,SKU-BEV-02,1,90.00,90.00
ITEM-20260824-1594-0158-01,ORD-20260824-1594-0158,SKU-BEV-03,1,30.00,30.00
ITEM-20260825-4299-0159-01,ORD-20260825-4299-0159,SKU-BEV-01,1,65.00,65.00
ITEM-20260825-4299-0159-02,ORD-20260825-4299-0159,SKU-ACC-01,2,25.00,50.00
ITEM-20260824-7772-0160-01,ORD-20260824-7772-0160,SKU-BEV-02,1,90.00,90.00
ITEM-20260825-3986-0161-01,ORD-20260825-3986-0161,SKU-BEV-03,1,30.00,30.00
ITEM-20260824-7849-0162-01,ORD-20260824-7849-0162,SKU-BEV-03,1,30.00,30.00
ITEM-20260824-2827-0163-01,ORD-20260824-2827-0163,SKU-SNK-03,1,75.00,75.00
ITEM-20260824-2827-0163-02,ORD-20260824-2827-0163,SKU-BEV-01,1,65.00,65.00
ITEM-20260824-6154-0164-01,ORD-20260824-6154-0164,SKU-SNK-01,1,120.00,120.00
ITEM-20260824-8227-0165-01,ORD-20260824-8227-0165,SKU-BEV-01,1,65.00,65.00
ITEM-20260824-8227-0165-02,ORD-20260824-8227-0165,SKU-BEV-04,1,85.00,85.00
ITEM-20260824-7149-0166-01,ORD-20260824-7149-0166,SKU-SNK-04,1,60.00,60.00
ITEM-20260824-7817-0167-01,ORD-20260824-7817-0167,SKU-BEV-04,2,85.00,170.00
ITEM-20260824-2415-0168-01,ORD-20260824-2415-0168,SKU-BEV-02,1,90.00,90.00
ITEM-20260824-6927-0169-01,ORD-20260824-6927-0169,SKU-BEV-03,1,30.00,30.00
ITEM-20260824-2480-0170-01,ORD-20260824-2480-0170,SKU-SNK-01,1,120.00,120.00
ITEM-20260824-2480-0170-02,ORD-20260824-2480-0170,SKU-SNK-02,3,135.00,405.00
ITEM-20260824-6914-0171-01,ORD-20260824-6914-0171,SKU-SNK-03,1,75.00,75.00
ITEM-20260824-6914-0171-02,ORD-20260824-6914-0171,SKU-SNK-01,1,120.00,120.00
ITEM-20260824-6914-0171-03,ORD-20260824-6914-0171,SKU-BEV-02,1,90.00,90.00
ITEM-20260824-5735-0172-01,ORD-20260824-5735-0172,SKU-BEV-04,1,85.00,85.00
ITEM-20260824-1220-0173-01,ORD-20260824-1220-0173,SKU-BEV-04,1,85.00,85.00
ITEM-20260824-9987-0174-01,ORD-20260824-9987-0174,SKU-BEV-02,1,90.00,90.00
ITEM-20260824-9713-0175-01,ORD-20260824-9713-0175,SKU-BEV-04,1,85.00,85.00
ITEM-20260824-9713-0175-02,ORD-20260824-9713-0175,SKU-BEV-03,1,30.00,30.00
ITEM-20260824-9713-0175-03,ORD-20260824-9713-0175,SKU-SNK-01,1,120.00,120.00
ITEM-20260824-8835-0176-01,ORD-20260824-8835-0176,SKU-BEV-04,2,85.00,170.00
ITEM-20260824-6516-0177-01,ORD-20260824-6516-0177,SKU-ACC-01,1,25.00,25.00
ITEM-20260824-6516-0177-02,ORD-20260824-6516-0177,SKU-SNK-01,1,120.00,120.00
ITEM-20260824-6205-0178-01,ORD-20260824-6205-0178,SKU-SNK-01,1,120.00,120.00
ITEM-20260824-6826-0179-01,ORD-20260824-6826-0179,SKU-SNK-01,1,120.00,120.00
ITEM-20260824-6565-0180-01,ORD-20260824-6565-0180,SKU-BEV-02,1,90.00,90.00
ITEM-20260824-3601-0181-01,ORD-20260824-3601-0181,SKU-BEV-04,1,85.00,85.00
ITEM-20260824-3601-0181-02,ORD-20260824-3601-0181,SKU-SNK-01,1,120.00,120.00
ITEM-20260824-2948-0182-01,ORD-20260824-2948-0182,SKU-BEV-02,1,90.00,90.00
ITEM-20260824-2948-0182-02,ORD-20260824-2948-0182,SKU-SNK-01,2,120.00,240.00
ITEM-20260824-1465-0183-01,ORD-20260824-1465-0183,SKU-BEV-01,1,65.00,65.00
ITEM-20260825-4738-0184-01,ORD-20260825-4738-0184,SKU-ACC-01,1,25.00,25.00
ITEM-20260825-5099-0185-01,ORD-20260825-5099-0185,SKU-SNK-01,1,120.00,120.00
ITEM-20260824-3613-0186-01,ORD-20260824-3613-0186,SKU-SNK-03,1,75.00,75.00
ITEM-20260824-3613-0186-02,ORD-20260824-3613-0186,SKU-SNK-02,1,135.00,135.00
ITEM-20260824-3613-0186-03,ORD-20260824-3613-0186,SKU-SNK-04,1,60.00,60.00
ITEM-20260824-2189-0187-01,ORD-20260824-2189-0187,SKU-BEV-03,2,30.00,60.00
ITEM-20260824-2091-0188-01,ORD-20260824-2091-0188,SKU-BEV-01,1,65.00,65.00
ITEM-20260824-2091-0188-02,ORD-20260824-2091-0188,SKU-BEV-03,1,30.00,30.00
ITEM-20260825-2261-0189-01,ORD-20260825-2261-0189,SKU-BEV-04,1,85.00,85.00
ITEM-20260825-7148-0190-01,ORD-20260825-7148-0190,SKU-BEV-02,2,90.00,180.00
ITEM-20260824-8789-0191-01,ORD-20260824-8789-0191,SKU-ACC-02,1,180.00,180.00
ITEM-20260824-7343-0192-01,ORD-20260824-7343-0192,SKU-BEV-02,1,90.00,90.00
ITEM-20260824-7343-0192-02,ORD-20260824-7343-0192,SKU-BEV-04,1,85.00,85.00
ITEM-20260824-4516-0193-01,ORD-20260824-4516-0193,SKU-BEV-04,1,85.00,85.00
ITEM-20260824-6901-0194-01,ORD-20260824-6901-0194,SKU-BEV-02,3,90.00,270.00
ITEM-20260824-6901-0194-02,ORD-20260824-6901-0194,SKU-SNK-01,1,120.00,120.00
ITEM-20260824-1640-0195-01,ORD-20260824-1640-0195,SKU-BEV-01,1,65.00,65.00
ITEM-20260825-9307-0196-01,ORD-20260825-9307-0196,SKU-BEV-03,1,30.00,30.00
ITEM-20260825-9307-0196-02,ORD-20260825-9307-0196,SKU-SNK-01,1,120.00,120.00
ITEM-20260824-4625-0197-01,ORD-20260824-4625-0197,SKU-SNK-01,2,120.00,240.00
ITEM-20260824-4625-0197-02,ORD-20260824-4625-0197,SKU-BEV-01,1,65.00,65.00
ITEM-20260824-9942-0198-01,ORD-20260824-9942-0198,SKU-BEV-02,1,90.00,90.00
ITEM-20260824-9942-0198-02,ORD-20260824-9942-0198,SKU-BEV-04,1,85.00,85.00
ITEM-20260824-7620-0199-01,ORD-20260824-7620-0199,SKU-BEV-04,1,85.00,85.00
ITEM-20260824-1811-0200-01,ORD-20260824-1811-0200,SKU-BEV-04,1,85.00,85.00
ITEM-20260824-1811-0200-02,ORD-20260824-1811-0200,SKU-SNK-04,1,60.00,60.00
ITEM-20260824-4374-0201-01,ORD-20260824-4374-0201,SKU-SNK-02,1,135.00,135.00
ITEM-20260824-9216-0202-01,ORD-20260824-9216-0202,SKU-BEV-02,1,90.00,90.00
ITEM-20260824-3922-0203-01,ORD-20260824-3922-0203,SKU-BEV-01,1,65.00,65.00
ITEM-20260824-8491-0204-01,ORD-20260824-8491-0204,SKU-BEV-04,1,85.00,85.00
ITEM-20260824-8491-0204-02,ORD-20260824-8491-0204,SKU-BEV-01,1,65.00,65.00
ITEM-20260824-3631-0205-01,ORD-20260824-3631-0205,SKU-SNK-03,1,75.00,75.00
ITEM-20260824-2810-0206-01,ORD-20260824-2810-0206,SKU-BEV-02,1,90.00,90.00
ITEM-20260824-2810-0206-02,ORD-20260824-2810-0206,SKU-SNK-02,1,135.00,135.00
ITEM-20260824-3145-0207-01,ORD-20260824-3145-0207,SKU-BEV-02,1,90.00,90.00
ITEM-20260824-3145-0207-02,ORD-20260824-3145-0207,SKU-BEV-01,1,65.00,65.00
ITEM-20260825-2645-0208-01,ORD-20260825-2645-0208,SKU-BEV-03,1,30.00,30.00
ITEM-20260825-4026-0209-01,ORD-20260825-4026-0209,SKU-SNK-02,1,135.00,135.00
ITEM-20260825-5023-0210-01,ORD-20260825-5023-0210,SKU-SNK-02,1,135.00,135.00
ITEM-20260825-5540-0211-01,ORD-20260825-5540-0211,SKU-BEV-02,1,90.00,90.00
ITEM-20260825-5540-0211-02,ORD-20260825-5540-0211,SKU-SNK-01,1,120.00,120.00
ITEM-20260824-7626-0212-01,ORD-20260824-7626-0212,SKU-SNK-01,1,120.00,120.00
ITEM-20260824-9049-0213-01,ORD-20260824-9049-0213,SKU-SNK-01,1,120.00,120.00
ITEM-20260824-3255-0214-01,ORD-20260824-3255-0214,SKU-BEV-01,2,65.00,130.00
ITEM-20260824-3255-0214-02,ORD-20260824-3255-0214,SKU-BEV-02,1,90.00,90.00
ITEM-20260824-3255-0214-03,ORD-20260824-3255-0214,SKU-SNK-02,1,135.00,135.00
ITEM-20260824-7798-0215-01,ORD-20260824-7798-0215,SKU-SNK-01,2,120.00,240.00
ITEM-20260824-1565-0216-01,ORD-20260824-1565-0216,SKU-BEV-01,1,65.00,65.00
ITEM-20260824-3353-0217-01,ORD-20260824-3353-0217,SKU-SNK-01,2,120.00,240.00
ITEM-20260825-4331-0218-01,ORD-20260825-4331-0218,SKU-BEV-02,1,90.00,90.00
ITEM-20260824-4554-0219-01,ORD-20260824-4554-0219,SKU-SNK-01,1,120.00,120.00
ITEM-20260824-4554-0219-02,ORD-20260824-4554-0219,SKU-BEV-02,1,90.00,90.00
ITEM-20260824-6374-0220-01,ORD-20260824-6374-0220,SKU-BEV-04,2,85.00,170.00
ITEM-20260824-3371-0221-01,ORD-20260824-3371-0221,SKU-SNK-03,1,75.00,75.00
ITEM-20260825-9694-0222-01,ORD-20260825-9694-0222,SKU-BEV-01,2,65.00,130.00
ITEM-20260825-9694-0222-02,ORD-20260825-9694-0222,SKU-BEV-02,1,90.00,90.00
ITEM-20260825-5331-0223-01,ORD-20260825-5331-0223,SKU-BEV-03,1,30.00,30.00
ITEM-20260824-4053-0224-01,ORD-20260824-4053-0224,SKU-BEV-03,1,30.00,30.00
ITEM-20260824-4053-0224-02,ORD-20260824-4053-0224,SKU-BEV-02,1,90.00,90.00
ITEM-20260824-4053-0224-03,ORD-20260824-4053-0224,SKU-SNK-01,2,120.00,240.00
ITEM-20260824-8131-0225-01,ORD-20260824-8131-0225,SKU-BEV-04,1,85.00,85.00
ITEM-20260824-8131-0225-02,ORD-20260824-8131-0225,SKU-BEV-01,1,65.00,65.00
ITEM-20260824-3806-0226-01,ORD-20260824-3806-0226,SKU-SNK-01,2,120.00,240.00
ITEM-20260825-1393-0227-01,ORD-20260825-1393-0227,SKU-SNK-03,1,75.00,75.00
ITEM-20260824-9963-0228-01,ORD-20260824-9963-0228,SKU-SNK-01,3,120.00,360.00
ITEM-20260824-9963-0228-02,ORD-20260824-9963-0228,SKU-BEV-02,1,90.00,90.00
ITEM-20260824-8931-0229-01,ORD-20260824-8931-0229,SKU-SNK-02,3,135.00,405.00
ITEM-20260824-8931-0229-02,ORD-20260824-8931-0229,SKU-BEV-01,1,65.00,65.00
ITEM-20260824-8931-0229-03,ORD-20260824-8931-0229,SKU-BEV-02,1,90.00,90.00
ITEM-20260825-4898-0230-01,ORD-20260825-4898-0230,SKU-BEV-04,1,85.00,85.00
ITEM-20260825-7541-0231-01,ORD-20260825-7541-0231,SKU-BEV-01,1,65.00,65.00
ITEM-20260825-7541-0231-02,ORD-20260825-7541-0231,SKU-BEV-02,1,90.00,90.00
ITEM-20260824-2644-0232-01,ORD-20260824-2644-0232,SKU-BEV-03,2,30.00,60.00
ITEM-20260825-7401-0233-01,ORD-20260825-7401-0233,SKU-BEV-03,1,30.00,30.00
ITEM-20260824-5156-0234-01,ORD-20260824-5156-0234,SKU-ACC-02,1,180.00,180.00
ITEM-20260824-1703-0235-01,ORD-20260824-1703-0235,SKU-BEV-01,1,65.00,65.00
ITEM-20260824-1703-0235-02,ORD-20260824-1703-0235,SKU-BEV-02,1,90.00,90.00
ITEM-20260824-1315-0236-01,ORD-20260824-1315-0236,SKU-SNK-01,1,120.00,120.00
ITEM-20260824-1315-0236-02,ORD-20260824-1315-0236,SKU-SNK-03,1,75.00,75.00
ITEM-20260824-1915-0237-01,ORD-20260824-1915-0237,SKU-SNK-02,1,135.00,135.00
ITEM-20260824-3034-0238-01,ORD-20260824-3034-0238,SKU-SNK-01,1,120.00,120.00
ITEM-20260824-2548-0239-01,ORD-20260824-2548-0239,SKU-BEV-03,1,30.00,30.00
ITEM-20260824-9969-0240-01,ORD-20260824-9969-0240,SKU-BEV-01,1,65.00,65.00
ITEM-20260825-7494-0241-01,ORD-20260825-7494-0241,SKU-SNK-01,1,120.00,120.00
ITEM-20260825-7494-0241-02,ORD-20260825-7494-0241,SKU-BEV-02,1,90.00,90.00
ITEM-20260825-6139-0242-01,ORD-20260825-6139-0242,SKU-BEV-04,2,85.00,170.00
ITEM-20260825-6139-0242-02,ORD-20260825-6139-0242,SKU-BEV-01,1,65.00,65.00
ITEM-20260824-3318-0243-01,ORD-20260824-3318-0243,SKU-SNK-01,1,120.00,120.00
ITEM-20260824-9236-0244-01,ORD-20260824-9236-0244,SKU-BEV-01,1,65.00,65.00
ITEM-20260824-9236-0244-02,ORD-20260824-9236-0244,SKU-ACC-01,3,25.00,75.00
ITEM-20260824-9236-0244-03,ORD-20260824-9236-0244,SKU-SNK-04,1,60.00,60.00
ITEM-20260824-8054-0245-01,ORD-20260824-8054-0245,SKU-BEV-03,1,30.00,30.00
ITEM-20260824-5201-0246-01,ORD-20260824-5201-0246,SKU-BEV-02,1,90.00,90.00
ITEM-20260824-5201-0246-02,ORD-20260824-5201-0246,SKU-BEV-01,1,65.00,65.00
ITEM-20260824-9583-0247-01,ORD-20260824-9583-0247,SKU-BEV-01,1,65.00,65.00
ITEM-20260824-9583-0247-02,ORD-20260824-9583-0247,SKU-SNK-02,1,135.00,135.00
ITEM-20260824-9583-0247-03,ORD-20260824-9583-0247,SKU-BEV-04,1,85.00,85.00
ITEM-20260825-9457-0248-01,ORD-20260825-9457-0248,SKU-BEV-04,2,85.00,170.00
ITEM-20260824-2761-0249-01,ORD-20260824-2761-0249,SKU-SNK-02,2,135.00,270.00
ITEM-20260824-2761-0249-02,ORD-20260824-2761-0249,SKU-BEV-03,1,30.00,30.00
ITEM-20260824-2761-0249-03,ORD-20260824-2761-0249,SKU-BEV-02,1,90.00,90.00
ITEM-20260824-4536-0250-01,ORD-20260824-4536-0250,SKU-SNK-02,1,135.00,135.00
ITEM-20260824-1103-0251-01,ORD-20260824-1103-0251,SKU-ACC-01,1,25.00,25.00
ITEM-20260825-2070-0252-01,ORD-20260825-2070-0252,SKU-ACC-02,2,180.00,360.00
ITEM-20260825-2070-0252-02,ORD-20260825-2070-0252,SKU-BEV-04,1,85.00,85.00
ITEM-20260824-8742-0253-01,ORD-20260824-8742-0253,SKU-BEV-01,1,65.00,65.00
ITEM-20260824-4024-0254-01,ORD-20260824-4024-0254,SKU-SNK-01,1,120.00,120.00
ITEM-20260824-3877-0255-01,ORD-20260824-3877-0255,SKU-BEV-02,1,90.00,90.00
ITEM-20260825-6127-0256-01,ORD-20260825-6127-0256,SKU-SNK-04,1,60.00,60.00
ITEM-20260824-4265-0257-01,ORD-20260824-4265-0257,SKU-BEV-04,1,85.00,85.00
ITEM-20260824-3502-0258-01,ORD-20260824-3502-0258,SKU-SNK-03,1,75.00,75.00
ITEM-20260824-7670-0259-01,ORD-20260824-7670-0259,SKU-BEV-02,1,90.00,90.00
ITEM-20260824-5469-0260-01,ORD-20260824-5469-0260,SKU-BEV-03,1,30.00,30.00
ITEM-20260824-1531-0261-01,ORD-20260824-1531-0261,SKU-SNK-04,1,60.00,60.00
ITEM-20260824-5971-0262-01,ORD-20260824-5971-0262,SKU-BEV-02,1,90.00,90.00
ITEM-20260824-5266-0263-01,ORD-20260824-5266-0263,SKU-BEV-04,1,85.00,85.00
ITEM-20260824-7247-0264-01,ORD-20260824-7247-0264,SKU-BEV-02,1,90.00,90.00
ITEM-20260824-3980-0265-01,ORD-20260824-3980-0265,SKU-SNK-01,1,120.00,120.00
ITEM-20260824-4896-0266-01,ORD-20260824-4896-0266,SKU-SNK-02,3,135.00,405.00
ITEM-20260824-4896-0266-02,ORD-20260824-4896-0266,SKU-SNK-04,1,60.00,60.00
ITEM-20260824-2250-0267-01,ORD-20260824-2250-0267,SKU-SNK-02,1,135.00,135.00
ITEM-20260824-2250-0267-02,ORD-20260824-2250-0267,SKU-BEV-04,1,85.00,85.00
ITEM-20260824-2250-0267-03,ORD-20260824-2250-0267,SKU-SNK-01,1,120.00,120.00
ITEM-20260824-5876-0268-01,ORD-20260824-5876-0268,SKU-SNK-02,1,135.00,135.00
ITEM-20260824-2712-0269-01,ORD-20260824-2712-0269,SKU-BEV-01,1,65.00,65.00
ITEM-20260824-7172-0270-01,ORD-20260824-7172-0270,SKU-BEV-01,2,65.00,130.00
ITEM-20260824-8564-0271-01,ORD-20260824-8564-0271,SKU-SNK-01,1,120.00,120.00
ITEM-20260824-8564-0271-02,ORD-20260824-8564-0271,SKU-BEV-03,1,30.00,30.00
ITEM-20260824-8564-0271-03,ORD-20260824-8564-0271,SKU-SNK-03,1,75.00,75.00
ITEM-20260824-5132-0272-01,ORD-20260824-5132-0272,SKU-BEV-03,1,30.00,30.00
ITEM-20260824-5132-0272-02,ORD-20260824-5132-0272,SKU-SNK-04,1,60.00,60.00
ITEM-20260824-6893-0273-01,ORD-20260824-6893-0273,SKU-BEV-02,1,90.00,90.00
ITEM-20260824-3083-0274-01,ORD-20260824-3083-0274,SKU-SNK-01,1,120.00,120.00
ITEM-20260824-5432-0275-01,ORD-20260824-5432-0275,SKU-BEV-02,1,90.00,90.00
ITEM-20260824-5432-0275-02,ORD-20260824-5432-0275,SKU-BEV-01,1,65.00,65.00
ITEM-20260824-5432-0275-03,ORD-20260824-5432-0275,SKU-ACC-01,1,25.00,25.00
ITEM-20260824-1200-0276-01,ORD-20260824-1200-0276,SKU-BEV-01,1,65.00,65.00
ITEM-20260824-3262-0277-01,ORD-20260824-3262-0277,SKU-BEV-03,1,30.00,30.00
ITEM-20260824-4454-0278-01,ORD-20260824-4454-0278,SKU-BEV-02,1,90.00,90.00
ITEM-20260824-5617-0279-01,ORD-20260824-5617-0279,SKU-BEV-02,1,90.00,90.00
ITEM-20260824-5617-0279-02,ORD-20260824-5617-0279,SKU-BEV-01,1,65.00,65.00
ITEM-20260824-6739-0280-01,ORD-20260824-6739-0280,SKU-BEV-04,1,85.00,85.00
ITEM-20260824-2119-0281-01,ORD-20260824-2119-0281,SKU-BEV-04,1,85.00,85.00
ITEM-20260824-8070-0282-01,ORD-20260824-8070-0282,SKU-BEV-01,1,65.00,65.00
ITEM-20260824-5957-0283-01,ORD-20260824-5957-0283,SKU-BEV-02,1,90.00,90.00
ITEM-20260824-6761-0284-01,ORD-20260824-6761-0284,SKU-SNK-02,1,135.00,135.00
ITEM-20260824-6761-0284-02,ORD-20260824-6761-0284,SKU-BEV-01,1,65.00,65.00
ITEM-20260824-4910-0285-01,ORD-20260824-4910-0285,SKU-SNK-02,1,135.00,135.00
ITEM-20260824-8655-0286-01,ORD-20260824-8655-0286,SKU-BEV-02,1,90.00,90.00
ITEM-20260824-8655-0286-02,ORD-20260824-8655-0286,SKU-BEV-01,1,65.00,65.00
ITEM-20260824-5847-0287-01,ORD-20260824-5847-0287,SKU-BEV-02,1,90.00,90.00
ITEM-20260824-5847-0287-02,ORD-20260824-5847-0287,SKU-BEV-01,3,65.00,195.00
ITEM-20260824-7722-0288-01,ORD-20260824-7722-0288,SKU-BEV-03,1,30.00,30.00
ITEM-20260824-7722-0288-02,ORD-20260824-7722-0288,SKU-BEV-04,1,85.00,85.00
ITEM-20260824-1686-0289-01,ORD-20260824-1686-0289,SKU-BEV-01,1,65.00,65.00
ITEM-20260824-5540-0290-01,ORD-20260824-5540-0290,SKU-BEV-02,1,90.00,90.00
ITEM-20260824-3657-0291-01,ORD-20260824-3657-0291,SKU-BEV-01,1,65.00,65.00
ITEM-20260824-3657-0291-02,ORD-20260824-3657-0291,SKU-SNK-01,1,120.00,120.00
ITEM-20260824-6001-0292-01,ORD-20260824-6001-0292,SKU-BEV-03,1,30.00,30.00
ITEM-20260824-7436-0293-01,ORD-20260824-7436-0293,SKU-BEV-01,1,65.00,65.00
ITEM-20260824-8102-0294-01,ORD-20260824-8102-0294,SKU-BEV-03,1,30.00,30.00
ITEM-20260824-8102-0294-02,ORD-20260824-8102-0294,SKU-BEV-01,1,65.00,65.00
ITEM-20260824-2378-0295-01,ORD-20260824-2378-0295,SKU-SNK-01,1,120.00,120.00
ITEM-20260824-7664-0296-01,ORD-20260824-7664-0296,SKU-SNK-01,1,120.00,120.00
ITEM-20260824-7664-0296-02,ORD-20260824-7664-0296,SKU-BEV-03,1,30.00,30.00
ITEM-20260824-5130-0297-01,ORD-20260824-5130-0297,SKU-SNK-01,1,120.00,120.00
ITEM-20260824-4852-0298-01,ORD-20260824-4852-0298,SKU-SNK-01,1,120.00,120.00
ITEM-20260824-1684-0299-01,ORD-20260824-1684-0299,SKU-BEV-01,1,65.00,65.00
ITEM-20260824-4026-0300-01,ORD-20260824-4026-0300,SKU-BEV-04,2,85.00,170.00
ITEM-20260824-4026-0300-02,ORD-20260824-4026-0300,SKU-BEV-01,1,65.00,65.00
ITEM-20260824-1067-0301-01,ORD-20260824-1067-0301,SKU-SNK-03,1,75.00,75.00
ITEM-20260824-1067-0301-02,ORD-20260824-1067-0301,SKU-BEV-02,1,90.00,90.00
ITEM-20260824-4083-0302-01,ORD-20260824-4083-0302,SKU-BEV-02,1,90.00,90.00
ITEM-20260824-4083-0302-02,ORD-20260824-4083-0302,SKU-SNK-04,3,60.00,180.00
ITEM-20260824-7704-0303-01,ORD-20260824-7704-0303,SKU-SNK-03,1,75.00,75.00
ITEM-20260824-7704-0303-02,ORD-20260824-7704-0303,SKU-BEV-04,2,85.00,170.00
ITEM-20260824-7704-0303-03,ORD-20260824-7704-0303,SKU-BEV-03,1,30.00,30.00
ITEM-20260824-9754-0304-01,ORD-20260824-9754-0304,SKU-BEV-02,1,90.00,90.00
ITEM-20260824-6737-0305-01,ORD-20260824-6737-0305,SKU-BEV-02,1,90.00,90.00
ITEM-20260824-6737-0305-02,ORD-20260824-6737-0305,SKU-BEV-04,2,85.00,170.00
ITEM-20260824-9182-0306-01,ORD-20260824-9182-0306,SKU-BEV-02,1,90.00,90.00
ITEM-20260824-9182-0306-02,ORD-20260824-9182-0306,SKU-BEV-04,2,85.00,170.00
ITEM-20260824-9849-0307-01,ORD-20260824-9849-0307,SKU-BEV-04,1,85.00,85.00
ITEM-20260824-5473-0308-01,ORD-20260824-5473-0308,SKU-BEV-02,1,90.00,90.00
ITEM-20260824-5839-0309-01,ORD-20260824-5839-0309,SKU-SNK-01,1,120.00,120.00
ITEM-20260824-8033-0310-01,ORD-20260824-8033-0310,SKU-SNK-01,1,120.00,120.00
ITEM-20260824-8033-0310-02,ORD-20260824-8033-0310,SKU-BEV-03,1,30.00,30.00
ITEM-20260824-5109-0311-01,ORD-20260824-5109-0311,SKU-BEV-01,1,65.00,65.00
ITEM-20260824-2043-0312-01,ORD-20260824-2043-0312,SKU-BEV-01,2,65.00,130.00
ITEM-20260824-8082-0313-01,ORD-20260824-8082-0313,SKU-SNK-02,1,135.00,135.00
ITEM-20260824-6519-0314-01,ORD-20260824-6519-0314,SKU-BEV-01,1,65.00,65.00
ITEM-20260824-6519-0314-02,ORD-20260824-6519-0314,SKU-BEV-02,1,90.00,90.00
ITEM-20260824-2499-0315-01,ORD-20260824-2499-0315,SKU-BEV-02,1,90.00,90.00
ITEM-20260824-5763-0316-01,ORD-20260824-5763-0316,SKU-ACC-01,1,25.00,25.00
ITEM-20260824-5763-0316-02,ORD-20260824-5763-0316,SKU-BEV-03,1,30.00,30.00
ITEM-20260824-5763-0316-03,ORD-20260824-5763-0316,SKU-BEV-02,1,90.00,90.00
ITEM-20260824-3821-0317-01,ORD-20260824-3821-0317,SKU-BEV-01,1,65.00,65.00
ITEM-20260824-2427-0318-01,ORD-20260824-2427-0318,SKU-ACC-01,1,25.00,25.00
ITEM-20260824-8124-0319-01,ORD-20260824-8124-0319,SKU-SNK-01,1,120.00,120.00
ITEM-20260824-8124-0319-02,ORD-20260824-8124-0319,SKU-BEV-02,1,90.00,90.00
ITEM-20260824-5294-0320-01,ORD-20260824-5294-0320,SKU-BEV-03,1,30.00,30.00
ITEM-20260824-7488-0321-01,ORD-20260824-7488-0321,SKU-BEV-04,2,85.00,170.00
ITEM-20260824-1838-0322-01,ORD-20260824-1838-0322,SKU-BEV-02,1,90.00,90.00
ITEM-20260824-7050-0323-01,ORD-20260824-7050-0323,SKU-SNK-01,1,120.00,120.00
ITEM-20260824-9914-0324-01,ORD-20260824-9914-0324,SKU-BEV-04,2,85.00,170.00
ITEM-20260824-4291-0325-01,ORD-20260824-4291-0325,SKU-BEV-03,1,30.00,30.00
ITEM-20260824-4291-0325-02,ORD-20260824-4291-0325,SKU-SNK-01,1,120.00,120.00
ITEM-20260824-2921-0326-01,ORD-20260824-2921-0326,SKU-BEV-03,1,30.00,30.00
ITEM-20260824-5417-0327-01,ORD-20260824-5417-0327,SKU-SNK-01,1,120.00,120.00
ITEM-20260824-1937-0328-01,ORD-20260824-1937-0328,SKU-SNK-01,1,120.00,120.00
ITEM-20260824-2063-0329-01,ORD-20260824-2063-0329,SKU-BEV-03,1,30.00,30.00
ITEM-20260824-2063-0329-02,ORD-20260824-2063-0329,SKU-BEV-02,1,90.00,90.00
ITEM-20260824-7004-0330-01,ORD-20260824-7004-0330,SKU-SNK-02,1,135.00,135.00
ITEM-20260824-7803-0331-01,ORD-20260824-7803-0331,SKU-BEV-02,1,90.00,90.00
ITEM-20260824-7931-0332-01,ORD-20260824-7931-0332,SKU-BEV-03,1,30.00,30.00
ITEM-20260824-7931-0332-02,ORD-20260824-7931-0332,SKU-BEV-02,1,90.00,90.00
ITEM-20260824-7931-0332-03,ORD-20260824-7931-0332,SKU-SNK-02,2,135.00,270.00
ITEM-20260824-7086-0333-01,ORD-20260824-7086-0333,SKU-BEV-03,1,30.00,30.00
ITEM-20260824-5678-0334-01,ORD-20260824-5678-0334,SKU-SNK-03,1,75.00,75.00
ITEM-20260824-5678-0334-02,ORD-20260824-5678-0334,SKU-BEV-04,2,85.00,170.00
ITEM-20260824-9750-0335-01,ORD-20260824-9750-0335,SKU-BEV-01,1,65.00,65.00
ITEM-20260824-9750-0335-02,ORD-20260824-9750-0335,SKU-BEV-02,1,90.00,90.00
ITEM-20260824-6601-0336-01,ORD-20260824-6601-0336,SKU-BEV-03,1,30.00,30.00
ITEM-20260824-7407-0337-01,ORD-20260824-7407-0337,SKU-SNK-01,1,120.00,120.00
ITEM-20260824-7407-0337-02,ORD-20260824-7407-0337,SKU-BEV-04,2,85.00,170.00
ITEM-20260824-7197-0338-01,ORD-20260824-7197-0338,SKU-BEV-01,1,65.00,65.00
ITEM-20260824-6971-0339-01,ORD-20260824-6971-0339,SKU-SNK-01,1,120.00,120.00
ITEM-20260824-6971-0339-02,ORD-20260824-6971-0339,SKU-SNK-03,1,75.00,75.00
ITEM-20260824-9562-0340-01,ORD-20260824-9562-0340,SKU-SNK-01,1,120.00,120.00
ITEM-20260824-7632-0341-01,ORD-20260824-7632-0341,SKU-BEV-02,1,90.00,90.00
ITEM-20260824-7632-0341-02,ORD-20260824-7632-0341,SKU-BEV-03,1,30.00,30.00
ITEM-20260824-6692-0342-01,ORD-20260824-6692-0342,SKU-BEV-04,1,85.00,85.00
ITEM-20260824-3612-0343-01,ORD-20260824-3612-0343,SKU-ACC-01,1,25.00,25.00
ITEM-20260824-6906-0344-01,ORD-20260824-6906-0344,SKU-BEV-04,1,85.00,85.00
ITEM-20260824-3765-0345-01,ORD-20260824-3765-0345,SKU-SNK-01,1,120.00,120.00
ITEM-20260824-8907-0346-01,ORD-20260824-8907-0346,SKU-BEV-03,1,30.00,30.00
ITEM-20260824-1357-0347-01,ORD-20260824-1357-0347,SKU-BEV-01,1,65.00,65.00
