rental_id,member_id,workstation_id,session_start,session_end,duration_hours,base_hourly_rate,member_tier_applied,tier_discount_pct,final_hourly_rate,gross_rental_amount,points_redeemed,points_credit_value,net_amount_paid,points_accrued,payment_method
SESS-20260725-2897-0142,M-1594,PC-105,2026-07-25T01:45:00+08:00,2026-07-25T06:45:00+08:00,5.00,80.00,Standard,0.00,80.00,400.00,0,0.00,400.00,40,GCash
SESS-20260725-3229-0135,M-1239,PC-001,2026-07-25T02:15:00+08:00,2026-07-25T05:15:00+08:00,3.00,50.00,Silver,0.10,45.00,135.00,200,100.00,35.00,4,Cash
SESS-20260725-5280-0435,M-1380,PC-044,2026-07-25T02:15:00+08:00,2026-07-25T07:15:00+08:00,5.00,50.00,Silver,0.10,45.00,225.00,0,0.00,225.00,28,Cash
SESS-20260725-6021-0023,M-1809,PC-029,2026-07-25T02:30:00+08:00,2026-07-25T04:30:00+08:00,2.00,50.00,Silver,0.10,45.00,90.00,0,0.00,90.00,11,GCash
SESS-20260725-9135-0253,M-1634,PC-113,2026-07-25T02:35:00+08:00,2026-07-25T05:35:00+08:00,3.00,80.00,Silver,0.10,72.00,216.00,0,0.00,216.00,27,Credit Card
SESS-20260725-7875-0232,M-1538,PC-131,2026-07-25T02:45:00+08:00,2026-07-25T07:45:00+08:00,5.00,80.00,Standard,0.00,80.00,400.00,0,0.00,400.00,40,Cash
SESS-20260725-3465-0264,M-1226,PC-164,2026-07-25T03:35:00+08:00,2026-07-25T05:35:00+08:00,2.00,120.00,Gold,0.20,96.00,192.00,0,0.00,192.00,28,Cash
SESS-20260725-9394-0045,M-1516,PC-133,2026-07-25T04:00:00+08:00,2026-07-25T09:00:00+08:00,5.00,80.00,Silver,0.10,72.00,360.00,0,0.00,360.00,45,Maya
SESS-20260725-9629-0248,M-1312,PC-060,2026-07-25T04:30:00+08:00,2026-07-25T05:30:00+08:00,1.00,50.00,Silver,0.10,45.00,45.00,0,0.00,45.00,5,GCash
SESS-20260725-9975-0165,M-2079,PC-121,2026-07-25T06:15:00+08:00,2026-07-25T07:15:00+08:00,1.00,80.00,Silver,0.10,72.00,72.00,0,0.00,72.00,9,GCash
SESS-20260725-6471-0067,M-1521,PC-080,2026-07-25T06:30:00+08:00,2026-07-25T08:30:00+08:00,2.00,50.00,Gold,0.20,40.00,80.00,100,50.00,30.00,4,GCash
SESS-20260725-9544-0037,M-1259,PC-148,2026-07-25T08:00:00+08:00,2026-07-25T10:00:00+08:00,2.00,80.00,Silver,0.10,72.00,144.00,0,0.00,144.00,18,Cash
SESS-20260725-1940-0060,M-1186,PC-042,2026-07-25T08:05:00+08:00,2026-07-25T11:05:00+08:00,3.00,50.00,Silver,0.10,45.00,135.00,0,0.00,135.00,16,GCash
SESS-20260725-1348-0144,M-1082,PC-066,2026-07-25T08:15:00+08:00,2026-07-25T09:15:00+08:00,1.00,50.00,Silver,0.10,45.00,45.00,0,0.00,45.00,5,Cash
SESS-20260725-2367-0026,M-2143,PC-091,2026-07-25T08:30:00+08:00,2026-07-25T10:30:00+08:00,2.00,50.00,Standard,0.00,50.00,100.00,0,0.00,100.00,10,GCash
SESS-20260725-2586-0351,M-1703,PC-172,2026-07-25T09:15:00+08:00,2026-07-25T11:15:00+08:00,2.00,120.00,Silver,0.10,108.00,216.00,0,0.00,216.00,27,Credit Card
SESS-20260725-1607-0130,M-1689,PC-146,2026-07-25T10:00:00+08:00,2026-07-25T12:00:00+08:00,2.00,80.00,Silver,0.10,72.00,144.00,0,0.00,144.00,18,Credit Card
SESS-20260725-6709-0003,M-1854,PC-016,2026-07-25T10:15:00+08:00,2026-07-25T11:15:00+08:00,1.00,50.00,Standard,0.00,50.00,50.00,0,0.00,50.00,5,Cash
SESS-20260725-2270-0206,M-1135,PC-023,2026-07-25T10:15:00+08:00,2026-07-25T13:15:00+08:00,3.00,50.00,Silver,0.10,45.00,135.00,100,50.00,85.00,10,GCash
SESS-20260725-8251-0231,M-1371,PC-082,2026-07-25T11:00:00+08:00,2026-07-25T12:00:00+08:00,1.00,50.00,Silver,0.10,45.00,45.00,0,0.00,45.00,5,GCash
SESS-20260725-1039-0072,M-1646,PC-028,2026-07-25T11:15:00+08:00,2026-07-25T14:15:00+08:00,3.00,50.00,Silver,0.10,45.00,135.00,0,0.00,135.00,16,Maya
SESS-20260725-1039-0097,M-1179,PC-042,2026-07-25T11:20:00+08:00,2026-07-25T14:20:00+08:00,3.00,50.00,Silver,0.10,45.00,135.00,100,50.00,85.00,10,GCash
SESS-20260725-3961-0020,M-1517,PC-031,2026-07-25T11:45:00+08:00,2026-07-25T13:45:00+08:00,2.00,50.00,Silver,0.10,45.00,90.00,100,50.00,40.00,5,GCash
SESS-20260725-9182-0429,M-1865,PC-118,2026-07-25T11:45:00+08:00,2026-07-25T13:45:00+08:00,2.00,80.00,Standard,0.00,80.00,160.00,0,0.00,160.00,16,Maya
SESS-20260725-8435-0070,M-1618,PC-110,2026-07-25T12:00:00+08:00,2026-07-25T13:00:00+08:00,1.00,80.00,Silver,0.10,72.00,72.00,0,0.00,72.00,9,GCash
SESS-20260725-4116-0053,M-1180,PC-057,2026-07-25T12:15:00+08:00,2026-07-25T13:15:00+08:00,1.00,50.00,Gold,0.20,40.00,40.00,0,0.00,40.00,6,GCash
SESS-20260725-1948-0323,M-1532,PC-143,2026-07-25T12:15:00+08:00,2026-07-25T14:15:00+08:00,2.00,80.00,Standard,0.00,80.00,160.00,0,0.00,160.00,16,Cash
SESS-20260725-6575-0074,M-1989,PC-166,2026-07-25T12:30:00+08:00,2026-07-25T17:30:00+08:00,5.00,120.00,Standard,0.00,120.00,600.00,0,0.00,600.00,60,Cash
SESS-20260725-9345-0080,M-1235,PC-129,2026-07-25T12:30:00+08:00,2026-07-25T17:30:00+08:00,5.00,80.00,Gold,0.20,64.00,320.00,500,250.00,70.00,10,GCash
SESS-20260725-5163-0152,M-1978,PC-033,2026-07-25T12:30:00+08:00,2026-07-25T14:30:00+08:00,2.00,50.00,Standard,0.00,50.00,100.00,0,0.00,100.00,10,Maya
SESS-20260725-3822-0028,M-1433,PC-074,2026-07-25T13:00:00+08:00,2026-07-25T16:00:00+08:00,3.00,50.00,Standard,0.00,50.00,150.00,0,0.00,150.00,15,Cash
SESS-20260725-4861-0360,M-1307,PC-016,2026-07-25T13:00:00+08:00,2026-07-25T16:00:00+08:00,3.00,50.00,Silver,0.10,45.00,135.00,0,0.00,135.00,16,Cash
SESS-20260725-7436-0219,M-1272,PC-110,2026-07-25T13:05:00+08:00,2026-07-25T15:05:00+08:00,2.00,80.00,Gold,0.20,64.00,128.00,0,0.00,128.00,19,GCash
SESS-20260725-1119-0010,M-1243,PC-062,2026-07-25T13:15:00+08:00,2026-07-25T18:15:00+08:00,5.00,50.00,Silver,0.10,45.00,225.00,0,0.00,225.00,28,Cash
SESS-20260725-7984-0069,M-2142,PC-048,2026-07-25T13:15:00+08:00,2026-07-25T14:15:00+08:00,1.00,50.00,Standard,0.00,50.00,50.00,0,0.00,50.00,5,GCash
SESS-20260725-4452-0076,M-1142,PC-128,2026-07-25T13:15:00+08:00,2026-07-25T15:15:00+08:00,2.00,80.00,Silver,0.10,72.00,144.00,0,0.00,144.00,18,GCash
SESS-20260725-3729-0171,M-1041,PC-155,2026-07-25T13:15:00+08:00,2026-07-25T16:15:00+08:00,3.00,120.00,Gold,0.20,96.00,288.00,0,0.00,288.00,43,Credit Card
SESS-20260725-9185-0274,M-1947,PC-027,2026-07-25T13:15:00+08:00,2026-07-25T14:15:00+08:00,1.00,50.00,Silver,0.10,45.00,45.00,0,0.00,45.00,5,GCash
SESS-20260725-7572-0247,M-1270,PC-023,2026-07-25T13:25:00+08:00,2026-07-25T15:25:00+08:00,2.00,50.00,Gold,0.20,40.00,80.00,0,0.00,80.00,12,Credit Card
SESS-20260725-7065-0009,M-1734,PC-161,2026-07-25T13:45:00+08:00,2026-07-25T15:45:00+08:00,2.00,120.00,Silver,0.10,108.00,216.00,300,150.00,66.00,8,Credit Card
SESS-20260725-6658-0032,M-1337,PC-051,2026-07-25T13:45:00+08:00,2026-07-25T16:45:00+08:00,3.00,50.00,Gold,0.20,40.00,120.00,100,50.00,70.00,10,Cash
SESS-20260725-8436-0126,M-1377,PC-080,2026-07-25T13:45:00+08:00,2026-07-25T16:45:00+08:00,3.00,50.00,Silver,0.10,45.00,135.00,0,0.00,135.00,16,Cash
SESS-20260725-3854-0132,M-1772,PC-078,2026-07-25T13:45:00+08:00,2026-07-25T15:45:00+08:00,2.00,50.00,Silver,0.10,45.00,90.00,0,0.00,90.00,11,Maya
SESS-20260725-3242-0230,M-1607,PC-063,2026-07-25T13:45:00+08:00,2026-07-25T18:45:00+08:00,5.00,50.00,Standard,0.00,50.00,250.00,0,0.00,250.00,25,Cash
SESS-20260725-1313-0284,M-2004,PC-131,2026-07-25T13:45:00+08:00,2026-07-25T16:45:00+08:00,3.00,80.00,Standard,0.00,80.00,240.00,100,50.00,190.00,19,Cash
SESS-20260725-5068-0104,M-1767,PC-020,2026-07-25T14:00:00+08:00,2026-07-25T16:00:00+08:00,2.00,50.00,Silver,0.10,45.00,90.00,0,0.00,90.00,11,Maya
SESS-20260725-7842-0154,M-1836,PC-073,2026-07-25T14:00:00+08:00,2026-07-25T22:00:00+08:00,8.00,50.00,Silver,0.10,45.00,360.00,0,0.00,360.00,45,Credit Card
SESS-20260725-2829-0166,M-1170,PC-061,2026-07-25T14:00:00+08:00,2026-07-25T22:00:00+08:00,8.00,50.00,Silver,0.10,45.00,360.00,0,0.00,360.00,45,Maya
SESS-20260725-7209-0021,M-1248,PC-104,2026-07-25T14:15:00+08:00,2026-07-25T15:15:00+08:00,1.00,80.00,Silver,0.10,72.00,72.00,0,0.00,72.00,9,Cash
SESS-20260725-2780-0024,M-1548,PC-117,2026-07-25T14:15:00+08:00,2026-07-25T15:15:00+08:00,1.00,80.00,Gold,0.20,64.00,64.00,0,0.00,64.00,9,Cash
SESS-20260725-1035-0139,M-1823,PC-021,2026-07-25T14:15:00+08:00,2026-07-25T17:15:00+08:00,3.00,50.00,Silver,0.10,45.00,135.00,0,0.00,135.00,16,GCash
SESS-20260725-8332-0431,M-1968,PC-118,2026-07-25T14:15:00+08:00,2026-07-25T15:15:00+08:00,1.00,80.00,Silver,0.10,72.00,72.00,100,50.00,22.00,2,Cash
SESS-20260725-2841-0027,M-1079,PC-100,2026-07-25T14:30:00+08:00,2026-07-25T16:30:00+08:00,2.00,50.00,Gold,0.20,40.00,80.00,0,0.00,80.00,12,GCash
SESS-20260725-3260-0101,M-1140,PC-162,2026-07-25T14:30:00+08:00,2026-07-25T19:30:00+08:00,5.00,120.00,Silver,0.10,108.00,540.00,0,0.00,540.00,67,GCash
SESS-20260725-3808-0160,M-1815,PC-173,2026-07-25T14:30:00+08:00,2026-07-25T19:30:00+08:00,5.00,120.00,Standard,0.00,120.00,600.00,0,0.00,600.00,60,Cash
SESS-20260725-8591-0189,M-1744,PC-071,2026-07-25T14:30:00+08:00,2026-07-25T17:30:00+08:00,3.00,50.00,Silver,0.10,45.00,135.00,0,0.00,135.00,16,Maya
SESS-20260725-7274-0349,M-1416,PC-042,2026-07-25T14:35:00+08:00,2026-07-25T15:35:00+08:00,1.00,50.00,Gold,0.20,40.00,40.00,0,0.00,40.00,6,Maya
SESS-20260725-2500-0058,M-1421,PC-124,2026-07-25T14:45:00+08:00,2026-07-25T16:45:00+08:00,2.00,80.00,Silver,0.10,72.00,144.00,0,0.00,144.00,18,GCash
SESS-20260725-9261-0093,M-1530,PC-045,2026-07-25T14:45:00+08:00,2026-07-25T16:45:00+08:00,2.00,50.00,Gold,0.20,40.00,80.00,0,0.00,80.00,12,GCash
SESS-20260725-4027-0121,M-1636,PC-047,2026-07-25T14:45:00+08:00,2026-07-25T17:45:00+08:00,3.00,50.00,Gold,0.20,40.00,120.00,100,50.00,70.00,10,Maya
SESS-20260725-6197-0155,M-1615,PC-084,2026-07-25T14:45:00+08:00,2026-07-25T16:45:00+08:00,2.00,50.00,Silver,0.10,45.00,90.00,0,0.00,90.00,11,GCash
SESS-20260725-3007-0029,M-1277,PC-114,2026-07-25T15:00:00+08:00,2026-07-25T18:00:00+08:00,3.00,80.00,Gold,0.20,64.00,192.00,0,0.00,192.00,28,GCash
SESS-20260725-8611-0056,M-1190,PC-049,2026-07-25T15:00:00+08:00,2026-07-25T20:00:00+08:00,5.00,50.00,Silver,0.10,45.00,225.00,0,0.00,225.00,28,Maya
SESS-20260725-1667-0092,M-1148,PC-160,2026-07-25T15:00:00+08:00,2026-07-25T20:00:00+08:00,5.00,120.00,Silver,0.10,108.00,540.00,100,50.00,490.00,61,GCash
SESS-20260725-6387-0208,M-1697,PC-059,2026-07-25T15:00:00+08:00,2026-07-25T16:00:00+08:00,1.00,50.00,Silver,0.10,45.00,45.00,0,0.00,45.00,5,GCash
SESS-20260725-4056-0234,M-1106,PC-068,2026-07-25T15:00:00+08:00,2026-07-25T18:00:00+08:00,3.00,50.00,Silver,0.10,45.00,135.00,200,100.00,35.00,4,Maya
SESS-20260725-7462-0237,M-1777,PC-152,2026-07-25T15:00:00+08:00,2026-07-25T17:00:00+08:00,2.00,120.00,Gold,0.20,96.00,192.00,0,0.00,192.00,28,Cash
SESS-20260725-8389-0226,M-1747,PC-148,2026-07-25T15:15:00+08:00,2026-07-25T17:15:00+08:00,2.00,80.00,Silver,0.10,72.00,144.00,0,0.00,144.00,18,Credit Card
SESS-20260725-5077-0256,M-1683,PC-158,2026-07-25T15:15:00+08:00,2026-07-25T16:15:00+08:00,1.00,120.00,Gold,0.20,96.00,96.00,0,0.00,96.00,14,GCash
SESS-20260725-2592-0052,M-1737,PC-072,2026-07-25T15:30:00+08:00,2026-07-25T20:30:00+08:00,5.00,50.00,Silver,0.10,45.00,225.00,0,0.00,225.00,28,Cash
SESS-20260725-4809-0062,M-1407,PC-117,2026-07-25T15:30:00+08:00,2026-07-25T17:30:00+08:00,2.00,80.00,Silver,0.10,72.00,144.00,0,0.00,144.00,18,GCash
SESS-20260725-8537-0396,M-1539,PC-099,2026-07-25T15:30:00+08:00,2026-07-25T23:30:00+08:00,8.00,50.00,Gold,0.20,40.00,320.00,0,0.00,320.00,48,Cash
SESS-20260725-3815-0432,M-1632,PC-118,2026-07-25T15:30:00+08:00,2026-07-25T18:30:00+08:00,3.00,80.00,Gold,0.20,64.00,192.00,0,0.00,192.00,28,Maya
SESS-20260725-8579-0363,M-2071,PC-023,2026-07-25T15:35:00+08:00,2026-07-25T17:35:00+08:00,2.00,50.00,Standard,0.00,50.00,100.00,0,0.00,100.00,10,Maya
SESS-20260725-1512-0094,M-1269,PC-076,2026-07-25T15:45:00+08:00,2026-07-25T20:45:00+08:00,5.00,50.00,Silver,0.10,45.00,225.00,100,50.00,175.00,21,GCash
SESS-20260725-2681-0138,M-1077,PC-065,2026-07-25T15:45:00+08:00,2026-07-25T17:45:00+08:00,2.00,50.00,Silver,0.10,45.00,90.00,0,0.00,90.00,11,Cash
SESS-20260725-2368-0194,M-1090,PC-174,2026-07-25T15:45:00+08:00,2026-07-25T17:45:00+08:00,2.00,120.00,Silver,0.10,108.00,216.00,0,0.00,216.00,27,Credit Card
SESS-20260725-2528-0257,M-1289,PC-154,2026-07-25T15:45:00+08:00,2026-07-25T18:45:00+08:00,3.00,120.00,Standard,0.00,120.00,360.00,0,0.00,360.00,36,Maya
SESS-20260725-3686-0345,M-1179,PC-015,2026-07-25T15:45:00+08:00,2026-07-25T17:45:00+08:00,2.00,50.00,Silver,0.10,45.00,90.00,0,0.00,90.00,11,GCash
SESS-20260725-1822-0041,M-1364,PC-175,2026-07-25T16:00:00+08:00,2026-07-25T18:00:00+08:00,2.00,120.00,Gold,0.20,96.00,192.00,0,0.00,192.00,28,Cash
SESS-20260725-6972-0077,M-1027,PC-035,2026-07-25T16:00:00+08:00,2026-07-25T19:00:00+08:00,3.00,50.00,Silver,0.10,45.00,135.00,0,0.00,135.00,16,Cash
SESS-20260725-7190-0134,M-1726,PC-101,2026-07-25T16:00:00+08:00,2026-07-25T19:00:00+08:00,3.00,80.00,Silver,0.10,72.00,216.00,0,0.00,216.00,27,GCash
SESS-20260725-7312-0168,M-1886,PC-069,2026-07-25T16:00:00+08:00,2026-07-25T18:00:00+08:00,2.00,50.00,Standard,0.00,50.00,100.00,0,0.00,100.00,10,GCash
SESS-20260725-8158-0106,M-1788,PC-074,2026-07-25T16:05:00+08:00,2026-07-25T18:05:00+08:00,2.00,50.00,Silver,0.10,45.00,90.00,0,0.00,90.00,11,Maya
SESS-20260725-2136-0192,M-1587,PC-020,2026-07-25T16:10:00+08:00,2026-07-25T19:10:00+08:00,3.00,50.00,Gold,0.20,40.00,120.00,0,0.00,120.00,18,Maya
SESS-20260725-8438-0016,M-1553,PC-043,2026-07-25T16:15:00+08:00,2026-07-25T21:15:00+08:00,5.00,50.00,Silver,0.10,45.00,225.00,0,0.00,225.00,28,GCash
SESS-20260725-5622-0083,M-2091,PC-170,2026-07-25T16:15:00+08:00,2026-07-25T18:15:00+08:00,2.00,120.00,Standard,0.00,120.00,240.00,0,0.00,240.00,24,Maya
SESS-20260725-2849-0183,M-1445,PC-108,2026-07-25T16:15:00+08:00,2026-07-25T18:15:00+08:00,2.00,80.00,Silver,0.10,72.00,144.00,0,0.00,144.00,18,Cash
SESS-20260725-9874-0299,M-1547,PC-158,2026-07-25T16:20:00+08:00,2026-07-25T18:20:00+08:00,2.00,120.00,Silver,0.10,108.00,216.00,0,0.00,216.00,27,Maya
SESS-20260725-2889-0014,M-1458,PC-096,2026-07-25T16:30:00+08:00,2026-07-25T21:30:00+08:00,5.00,50.00,Silver,0.10,45.00,225.00,100,50.00,175.00,21,GCash
SESS-20260725-9650-0054,M-1199,PC-153,2026-07-25T16:30:00+08:00,2026-07-25T18:30:00+08:00,2.00,120.00,Silver,0.10,108.00,216.00,0,0.00,216.00,27,GCash
SESS-20260725-3034-0079,M-1411,PC-041,2026-07-25T16:30:00+08:00,2026-07-25T17:30:00+08:00,1.00,50.00,Gold,0.20,40.00,40.00,0,0.00,40.00,6,Cash
SESS-20260725-3570-0190,M-1478,PC-155,2026-07-25T16:30:00+08:00,2026-07-25T19:30:00+08:00,3.00,120.00,Silver,0.10,108.00,324.00,300,150.00,174.00,21,Cash
SESS-20260725-1018-0205,M-1274,PC-033,2026-07-25T16:30:00+08:00,2026-07-25T18:30:00+08:00,2.00,50.00,Silver,0.10,45.00,90.00,0,0.00,90.00,11,Credit Card
SESS-20260725-8163-0061,M-1469,PC-050,2026-07-25T16:45:00+08:00,2026-07-25T18:45:00+08:00,2.00,50.00,Silver,0.10,45.00,90.00,0,0.00,90.00,11,GCash
SESS-20260725-2657-0193,M-1449,PC-090,2026-07-25T16:45:00+08:00,2026-07-25T18:45:00+08:00,2.00,50.00,Standard,0.00,50.00,100.00,0,0.00,100.00,10,Cash
SESS-20260725-7642-0227,M-1527,PC-052,2026-07-25T16:45:00+08:00,2026-07-25T17:45:00+08:00,1.00,50.00,Silver,0.10,45.00,45.00,0,0.00,45.00,5,GCash
SESS-20260725-8644-0047,M-1081,PC-064,2026-07-25T17:00:00+08:00,2026-07-25T19:00:00+08:00,2.00,50.00,Silver,0.10,45.00,90.00,0,0.00,90.00,11,Cash
SESS-20260725-5858-0149,M-1626,PC-003,2026-07-25T17:00:00+08:00,2026-07-25T20:00:00+08:00,3.00,50.00,Silver,0.10,45.00,135.00,0,0.00,135.00,16,GCash
SESS-20260725-2176-0235,M-1530,PC-084,2026-07-25T17:00:00+08:00,2026-07-25T19:00:00+08:00,2.00,50.00,Gold,0.20,40.00,80.00,100,50.00,30.00,4,GCash
SESS-20260725-6442-0100,M-1062,PC-149,2026-07-25T17:15:00+08:00,2026-07-25T20:15:00+08:00,3.00,80.00,Silver,0.10,72.00,216.00,0,0.00,216.00,27,Cash
SESS-20260725-4234-0156,M-1717,PC-077,2026-07-25T17:15:00+08:00,2026-07-25T22:15:00+08:00,5.00,50.00,Silver,0.10,45.00,225.00,0,0.00,225.00,28,GCash
SESS-20260725-1835-0197,M-1775,PC-029,2026-07-25T17:15:00+08:00,2026-07-25T19:15:00+08:00,2.00,50.00,Gold,0.20,40.00,80.00,0,0.00,80.00,12,Cash
SESS-20260725-6156-0239,M-1905,PC-152,2026-07-25T17:15:00+08:00,2026-07-25T19:15:00+08:00,2.00,120.00,Standard,0.00,120.00,240.00,0,0.00,240.00,24,GCash
SESS-20260725-8324-0312,M-1284,PC-148,2026-07-25T17:30:00+08:00,2026-07-25T19:30:00+08:00,2.00,80.00,Silver,0.10,72.00,144.00,100,50.00,94.00,11,Credit Card
SESS-20260725-3330-0340,M-2197,PC-067,2026-07-25T17:30:00+08:00,2026-07-25T20:30:00+08:00,3.00,50.00,Standard,0.00,50.00,150.00,0,0.00,150.00,15,GCash
SESS-20260725-2407-0374,M-2017,PC-112,2026-07-25T17:30:00+08:00,2026-07-25T20:30:00+08:00,3.00,80.00,Standard,0.00,80.00,240.00,0,0.00,240.00,24,GCash
SESS-20260725-9972-0196,M-1508,PC-166,2026-07-25T17:35:00+08:00,2026-07-25T19:35:00+08:00,2.00,120.00,Silver,0.10,108.00,216.00,0,0.00,216.00,27,Cash
SESS-20260725-3723-0030,M-1232,PC-006,2026-07-25T17:45:00+08:00,2026-07-25T18:45:00+08:00,1.00,50.00,Silver,0.10,45.00,45.00,0,0.00,45.00,5,Cash
SESS-20260725-6453-0064,M-1524,PC-025,2026-07-25T17:45:00+08:00,2026-07-25T22:45:00+08:00,5.00,50.00,Silver,0.10,45.00,225.00,0,0.00,225.00,28,GCash
SESS-20260725-8944-0082,M-1142,PC-100,2026-07-25T17:45:00+08:00,2026-07-25T19:45:00+08:00,2.00,50.00,Silver,0.10,45.00,90.00,0,0.00,90.00,11,GCash
SESS-20260725-6427-0096,M-1743,PC-058,2026-07-25T17:45:00+08:00,2026-07-25T19:45:00+08:00,2.00,50.00,Silver,0.10,45.00,90.00,0,0.00,90.00,11,Cash
SESS-20260725-4230-0164,M-1397,PC-011,2026-07-25T17:45:00+08:00,2026-07-25T22:45:00+08:00,5.00,50.00,Silver,0.10,45.00,225.00,0,0.00,225.00,28,GCash
SESS-20260725-7462-0373,M-1571,PC-042,2026-07-25T17:45:00+08:00,2026-07-25T20:45:00+08:00,3.00,50.00,Silver,0.10,45.00,135.00,100,50.00,85.00,10,GCash
SESS-20260725-6304-0412,M-1807,PC-023,2026-07-25T17:45:00+08:00,2026-07-25T19:45:00+08:00,2.00,50.00,Silver,0.10,45.00,90.00,0,0.00,90.00,11,Cash
SESS-20260725-5168-0147,M-2143,PC-047,2026-07-25T17:50:00+08:00,2026-07-25T19:50:00+08:00,2.00,50.00,Standard,0.00,50.00,100.00,200,100.00,0.00,0,Maya
SESS-20260725-2593-0265,M-1912,PC-065,2026-07-25T17:50:00+08:00,2026-07-25T20:50:00+08:00,3.00,50.00,Standard,0.00,50.00,150.00,0,0.00,150.00,15,GCash
SESS-20260725-3269-0170,M-1756,PC-078,2026-07-25T18:00:00+08:00,2026-07-25T19:00:00+08:00,1.00,50.00,Gold,0.20,40.00,40.00,0,0.00,40.00,6,Cash
SESS-20260725-2741-0216,M-1303,PC-115,2026-07-25T18:00:00+08:00,2026-07-25T19:00:00+08:00,1.00,80.00,Gold,0.20,64.00,64.00,0,0.00,64.00,9,Maya
SESS-20260725-9393-0228,M-1572,PC-105,2026-07-25T18:00:00+08:00,2026-07-25T20:00:00+08:00,2.00,80.00,Silver,0.10,72.00,144.00,200,100.00,44.00,5,Cash
SESS-20260725-9238-0240,M-2044,PC-132,2026-07-25T18:00:00+08:00,2026-07-25T23:00:00+08:00,5.00,80.00,Standard,0.00,80.00,400.00,0,0.00,400.00,40,GCash
SESS-20260725-4984-0352,M-1424,PC-113,2026-07-25T18:00:00+08:00,2026-07-25T20:00:00+08:00,2.00,80.00,Silver,0.10,72.00,144.00,200,100.00,44.00,5,Cash
SESS-20260725-2017-0427,M-1411,PC-018,2026-07-25T18:00:00+08:00,2026-07-25T23:00:00+08:00,5.00,50.00,Gold,0.20,40.00,200.00,0,0.00,200.00,30,Maya
SESS-20260725-8509-0008,M-1839,PC-005,2026-07-25T18:15:00+08:00,2026-07-25T23:15:00+08:00,5.00,50.00,Silver,0.10,45.00,225.00,0,0.00,225.00,28,Cash
SESS-20260725-5186-0018,M-1862,PC-116,2026-07-25T18:15:00+08:00,2026-07-25T19:15:00+08:00,1.00,80.00,Standard,0.00,80.00,80.00,0,0.00,80.00,8,GCash
SESS-20260725-5797-0254,M-1248,PC-041,2026-07-25T18:15:00+08:00,2026-07-25T23:15:00+08:00,5.00,50.00,Silver,0.10,45.00,225.00,100,50.00,175.00,21,GCash
SESS-20260725-8841-0272,M-1619,PC-055,2026-07-25T18:15:00+08:00,2026-07-25T19:15:00+08:00,1.00,50.00,Silver,0.10,45.00,45.00,0,0.00,45.00,5,Credit Card
SESS-20260725-7626-0107,M-1017,PC-074,2026-07-25T18:20:00+08:00,2026-07-25T19:20:00+08:00,1.00,50.00,Silver,0.10,45.00,45.00,0,0.00,45.00,5,Cash
SESS-20260725-6052-0277,M-1693,PC-170,2026-07-25T18:25:00+08:00,2026-07-25T20:25:00+08:00,2.00,120.00,Silver,0.10,108.00,216.00,0,0.00,216.00,27,Cash
SESS-20260725-4770-0007,M-1443,PC-034,2026-07-25T18:30:00+08:00,2026-07-25T23:30:00+08:00,5.00,50.00,Silver,0.10,45.00,225.00,0,0.00,225.00,28,GCash
SESS-20260725-2467-0012,M-1168,PC-079,2026-07-25T18:30:00+08:00,2026-07-25T21:30:00+08:00,3.00,50.00,Silver,0.10,45.00,135.00,0,0.00,135.00,16,Maya
SESS-20260725-8561-0034,M-1528,PC-039,2026-07-25T18:30:00+08:00,2026-07-25T20:30:00+08:00,2.00,50.00,Silver,0.10,45.00,90.00,0,0.00,90.00,11,Cash
SESS-20260725-2414-0051,M-1016,PC-054,2026-07-25T18:30:00+08:00,2026-07-25T20:30:00+08:00,2.00,50.00,Silver,0.10,45.00,90.00,0,0.00,90.00,11,Maya
SESS-20260725-3574-0111,M-1353,PC-062,2026-07-25T18:30:00+08:00,2026-07-25T20:30:00+08:00,2.00,50.00,Silver,0.10,45.00,90.00,0,0.00,90.00,11,Maya
SESS-20260725-4890-0117,M-1430,PC-097,2026-07-25T18:30:00+08:00,2026-07-25T21:30:00+08:00,3.00,50.00,Gold,0.20,40.00,120.00,0,0.00,120.00,18,Cash
SESS-20260725-7616-0173,M-1073,PC-066,2026-07-25T18:30:00+08:00,2026-07-25T19:30:00+08:00,1.00,50.00,Silver,0.10,45.00,45.00,0,0.00,45.00,5,Credit Card
SESS-20260725-5572-0209,M-1621,PC-122,2026-07-25T18:30:00+08:00,2026-07-25T20:30:00+08:00,2.00,80.00,Silver,0.10,72.00,144.00,0,0.00,144.00,18,Maya
SESS-20260725-6089-0300,M-1808,PC-158,2026-07-25T18:30:00+08:00,2026-07-25T23:30:00+08:00,5.00,120.00,Gold,0.20,96.00,480.00,0,0.00,480.00,72,Cash
SESS-20260725-5736-0325,M-1947,PC-165,2026-07-25T18:30:00+08:00,2026-07-25T20:30:00+08:00,2.00,120.00,Silver,0.10,108.00,216.00,0,0.00,216.00,27,Maya
SESS-20260725-5456-0361,M-1654,PC-172,2026-07-25T18:30:00+08:00,2026-07-26T02:30:00+08:00,8.00,120.00,Silver,0.10,108.00,864.00,0,0.00,864.00,108,GCash
SESS-20260725-4083-0433,M-1409,PC-118,2026-07-25T18:35:00+08:00,2026-07-25T21:35:00+08:00,3.00,80.00,Silver,0.10,72.00,216.00,0,0.00,216.00,27,Maya
SESS-20260725-9724-0141,M-1224,PC-153,2026-07-25T18:40:00+08:00,2026-07-25T19:40:00+08:00,1.00,120.00,Silver,0.10,108.00,108.00,0,0.00,108.00,13,Maya
SESS-20260725-2695-0221,M-2113,PC-033,2026-07-25T18:40:00+08:00,2026-07-25T20:40:00+08:00,2.00,50.00,Standard,0.00,50.00,100.00,100,50.00,50.00,5,Cash
SESS-20260725-6566-0017,M-1214,PC-145,2026-07-25T18:45:00+08:00,2026-07-26T02:45:00+08:00,8.00,80.00,Silver,0.10,72.00,576.00,0,0.00,576.00,72,Credit Card
SESS-20260725-9279-0068,M-1045,PC-175,2026-07-25T18:45:00+08:00,2026-07-25T20:45:00+08:00,2.00,120.00,Silver,0.10,108.00,216.00,0,0.00,216.00,27,GCash
SESS-20260725-6842-0091,M-1457,PC-129,2026-07-25T18:45:00+08:00,2026-07-25T19:45:00+08:00,1.00,80.00,Silver,0.10,72.00,72.00,0,0.00,72.00,9,Maya
SESS-20260725-6323-0191,M-1227,PC-094,2026-07-25T18:45:00+08:00,2026-07-25T20:45:00+08:00,2.00,50.00,Silver,0.10,45.00,90.00,0,0.00,90.00,11,Cash
SESS-20260725-7613-0290,M-1586,PC-053,2026-07-25T18:45:00+08:00,2026-07-25T19:45:00+08:00,1.00,50.00,Silver,0.10,45.00,45.00,0,0.00,45.00,5,Maya
SESS-20260725-2516-0057,M-1268,PC-006,2026-07-25T18:50:00+08:00,2026-07-25T20:50:00+08:00,2.00,50.00,Standard,0.00,50.00,100.00,100,50.00,50.00,5,Maya
SESS-20260725-3096-0245,M-1499,PC-063,2026-07-25T18:55:00+08:00,2026-07-25T20:55:00+08:00,2.00,50.00,Silver,0.10,45.00,90.00,0,0.00,90.00,11,Maya
SESS-20260725-2637-0308,M-1180,PC-154,2026-07-25T18:55:00+08:00,2026-07-25T23:55:00+08:00,5.00,120.00,Gold,0.20,96.00,480.00,700,350.00,130.00,19,Maya
SESS-20260725-6329-0151,M-1171,PC-001,2026-07-25T19:00:00+08:00,2026-07-26T00:00:00+08:00,5.00,50.00,Silver,0.10,45.00,225.00,100,50.00,175.00,21,GCash
SESS-20260725-4395-0332,M-1768,PC-090,2026-07-25T19:00:00+08:00,2026-07-25T22:00:00+08:00,3.00,50.00,Gold,0.20,40.00,120.00,200,100.00,20.00,3,Maya
SESS-20260725-3986-0370,M-1736,PC-111,2026-07-25T19:00:00+08:00,2026-07-25T20:00:00+08:00,1.00,80.00,Silver,0.10,72.00,72.00,100,50.00,22.00,2,GCash
SESS-20260725-4293-0140,M-1517,PC-101,2026-07-25T19:10:00+08:00,2026-07-26T00:10:00+08:00,5.00,80.00,Silver,0.10,72.00,360.00,0,0.00,360.00,45,Maya
SESS-20260725-8138-0185,M-1932,PC-035,2026-07-25T19:10:00+08:00,2026-07-25T20:10:00+08:00,1.00,50.00,Standard,0.00,50.00,50.00,0,0.00,50.00,5,GCash
SESS-20260725-8466-0006,M-1718,PC-009,2026-07-25T19:15:00+08:00,2026-07-25T21:15:00+08:00,2.00,50.00,Gold,0.20,40.00,80.00,0,0.00,80.00,12,Cash
SESS-20260725-6001-0163,M-1575,PC-080,2026-07-25T19:15:00+08:00,2026-07-26T00:15:00+08:00,5.00,50.00,Silver,0.10,45.00,225.00,300,150.00,75.00,9,Credit Card
SESS-20260725-4776-0267,M-1971,PC-164,2026-07-25T19:15:00+08:00,2026-07-25T20:15:00+08:00,1.00,120.00,Silver,0.10,108.00,108.00,0,0.00,108.00,13,Cash
SESS-20260725-6862-0303,M-1608,PC-068,2026-07-25T19:15:00+08:00,2026-07-25T21:15:00+08:00,2.00,50.00,Silver,0.10,45.00,90.00,100,50.00,40.00,5,GCash
SESS-20260725-6105-0326,M-1044,PC-078,2026-07-25T19:15:00+08:00,2026-07-25T22:15:00+08:00,3.00,50.00,Gold,0.20,40.00,120.00,0,0.00,120.00,18,Credit Card
SESS-20260725-3471-0273,M-1663,PC-020,2026-07-25T19:20:00+08:00,2026-07-25T20:20:00+08:00,1.00,50.00,Silver,0.10,45.00,45.00,0,0.00,45.00,5,Maya
SESS-20260725-7157-0124,M-1413,PC-074,2026-07-25T19:25:00+08:00,2026-07-25T20:25:00+08:00,1.00,50.00,Silver,0.10,45.00,45.00,0,0.00,45.00,5,Maya
SESS-20260725-6550-0204,M-1756,PC-116,2026-07-25T19:25:00+08:00,2026-07-25T22:25:00+08:00,3.00,80.00,Gold,0.20,64.00,192.00,0,0.00,192.00,28,Credit Card
SESS-20260725-6349-0225,M-1323,PC-029,2026-07-25T19:25:00+08:00,2026-07-25T21:25:00+08:00,2.00,50.00,Silver,0.10,45.00,90.00,100,50.00,40.00,5,GCash
SESS-20260725-9398-0356,M-1110,PC-055,2026-07-25T19:25:00+08:00,2026-07-25T22:25:00+08:00,3.00,50.00,Silver,0.10,45.00,135.00,0,0.00,135.00,16,GCash
SESS-20260725-6905-0002,M-1006,PC-037,2026-07-25T19:30:00+08:00,2026-07-25T21:30:00+08:00,2.00,50.00,Silver,0.10,45.00,90.00,0,0.00,90.00,11,Cash
SESS-20260725-4023-0103,M-2099,PC-141,2026-07-25T19:30:00+08:00,2026-07-25T22:30:00+08:00,3.00,80.00,Standard,0.00,80.00,240.00,0,0.00,240.00,24,GCash
SESS-20260725-1619-0113,M-1108,PC-028,2026-07-25T19:30:00+08:00,2026-07-25T21:30:00+08:00,2.00,50.00,Silver,0.10,45.00,90.00,0,0.00,90.00,11,GCash
SESS-20260725-9793-0148,M-1488,PC-093,2026-07-25T19:30:00+08:00,2026-07-25T21:30:00+08:00,2.00,50.00,Silver,0.10,45.00,90.00,100,50.00,40.00,5,Maya
SESS-20260725-6700-0200,M-1342,PC-169,2026-07-25T19:30:00+08:00,2026-07-26T00:30:00+08:00,5.00,120.00,Silver,0.10,108.00,540.00,0,0.00,540.00,67,Cash
SESS-20260725-3803-0250,M-1662,PC-084,2026-07-25T19:30:00+08:00,2026-07-25T21:30:00+08:00,2.00,50.00,Silver,0.10,45.00,90.00,0,0.00,90.00,11,Cash
SESS-20260725-9214-0019,M-1213,PC-019,2026-07-25T19:45:00+08:00,2026-07-25T21:45:00+08:00,2.00,50.00,Silver,0.10,45.00,90.00,0,0.00,90.00,11,Maya
SESS-20260725-1633-0099,M-1399,PC-135,2026-07-25T19:45:00+08:00,2026-07-25T22:45:00+08:00,3.00,80.00,Silver,0.10,72.00,216.00,0,0.00,216.00,27,GCash
SESS-20260725-5674-0150,M-1266,PC-021,2026-07-25T19:45:00+08:00,2026-07-26T00:45:00+08:00,5.00,50.00,Silver,0.10,45.00,225.00,0,0.00,225.00,28,Cash
SESS-20260725-3494-0177,M-1158,PC-066,2026-07-25T19:45:00+08:00,2026-07-25T20:45:00+08:00,1.00,50.00,Silver,0.10,45.00,45.00,0,0.00,45.00,5,GCash
SESS-20260725-3845-0212,M-1250,PC-174,2026-07-25T19:45:00+08:00,2026-07-25T21:45:00+08:00,2.00,120.00,Silver,0.10,108.00,216.00,0,0.00,216.00,27,GCash
SESS-20260725-5985-0314,M-1568,PC-110,2026-07-25T19:45:00+08:00,2026-07-25T21:45:00+08:00,2.00,80.00,Silver,0.10,72.00,144.00,0,0.00,144.00,18,Maya
SESS-20260725-1827-0338,M-1201,PC-155,2026-07-25T19:45:00+08:00,2026-07-25T20:45:00+08:00,1.00,120.00,Silver,0.10,108.00,108.00,0,0.00,108.00,13,GCash
SESS-20260725-3802-0357,M-1385,PC-144,2026-07-25T19:45:00+08:00,2026-07-25T21:45:00+08:00,2.00,80.00,Silver,0.10,72.00,144.00,0,0.00,144.00,18,Cash
SESS-20260725-1574-0391,M-1700,PC-015,2026-07-25T19:45:00+08:00,2026-07-25T22:45:00+08:00,3.00,50.00,Silver,0.10,45.00,135.00,0,0.00,135.00,16,Cash
SESS-20260725-4403-0393,M-1087,PC-148,2026-07-25T19:45:00+08:00,2026-07-25T21:45:00+08:00,2.00,80.00,Gold,0.20,64.00,128.00,0,0.00,128.00,19,Cash
SESS-20260725-7791-0402,M-1357,PC-173,2026-07-25T19:45:00+08:00,2026-07-25T22:45:00+08:00,3.00,120.00,Silver,0.10,108.00,324.00,0,0.00,324.00,40,GCash
SESS-20260725-7469-0158,M-2106,PC-153,2026-07-25T19:50:00+08:00,2026-07-25T20:50:00+08:00,1.00,120.00,Standard,0.00,120.00,120.00,0,0.00,120.00,12,Cash
SESS-20260725-7338-0195,M-1460,PC-100,2026-07-25T19:55:00+08:00,2026-07-25T22:55:00+08:00,3.00,50.00,Silver,0.10,45.00,135.00,100,50.00,85.00,10,GCash
SESS-20260725-5434-0198,M-1230,PC-058,2026-07-25T19:55:00+08:00,2026-07-25T20:55:00+08:00,1.00,50.00,Silver,0.10,45.00,45.00,0,0.00,45.00,5,Cash
SESS-20260725-5590-0005,M-1001,PC-098,2026-07-25T20:00:00+08:00,2026-07-25T21:00:00+08:00,1.00,50.00,Silver,0.10,45.00,45.00,0,0.00,45.00,5,GCash
SESS-20260725-6033-0073,M-1500,PC-147,2026-07-25T20:00:00+08:00,2026-07-25T22:00:00+08:00,2.00,80.00,Gold,0.20,64.00,128.00,0,0.00,128.00,19,GCash
SESS-20260725-6946-0128,M-1147,PC-007,2026-07-25T20:00:00+08:00,2026-07-25T22:00:00+08:00,2.00,50.00,Silver,0.10,45.00,90.00,0,0.00,90.00,11,Cash
SESS-20260725-9970-0133,M-1076,PC-171,2026-07-25T20:00:00+08:00,2026-07-25T22:00:00+08:00,2.00,120.00,Silver,0.10,108.00,216.00,0,0.00,216.00,27,GCash
SESS-20260725-9647-0236,M-2141,PC-115,2026-07-25T20:00:00+08:00,2026-07-25T22:00:00+08:00,2.00,80.00,Standard,0.00,80.00,160.00,0,0.00,160.00,16,Cash
SESS-20260725-2911-0275,M-1470,PC-082,2026-07-25T20:00:00+08:00,2026-07-25T23:00:00+08:00,3.00,50.00,Silver,0.10,45.00,135.00,100,50.00,85.00,10,GCash
SESS-20260725-4647-0297,M-1825,PC-046,2026-07-25T20:00:00+08:00,2026-07-25T21:00:00+08:00,1.00,50.00,Silver,0.10,45.00,45.00,0,0.00,45.00,5,Cash
SESS-20260725-2007-0383,M-1569,PC-113,2026-07-25T20:10:00+08:00,2026-07-25T23:10:00+08:00,3.00,80.00,Silver,0.10,72.00,216.00,0,0.00,216.00,27,Maya
SESS-20260725-3623-0399,M-1944,PC-111,2026-07-25T20:10:00+08:00,2026-07-25T22:10:00+08:00,2.00,80.00,Silver,0.10,72.00,144.00,0,0.00,144.00,18,GCash
SESS-20260725-3949-0015,M-1687,PC-075,2026-07-25T20:15:00+08:00,2026-07-25T23:15:00+08:00,3.00,50.00,Silver,0.10,45.00,135.00,200,100.00,35.00,4,Cash
SESS-20260725-6953-0036,M-1070,PC-138,2026-07-25T20:15:00+08:00,2026-07-26T01:15:00+08:00,5.00,80.00,Silver,0.10,72.00,360.00,0,0.00,360.00,45,Credit Card
SESS-20260725-2854-0048,M-1526,PC-064,2026-07-25T20:15:00+08:00,2026-07-25T22:15:00+08:00,2.00,50.00,Silver,0.10,45.00,90.00,0,0.00,90.00,11,GCash
SESS-20260725-2412-0102,M-1334,PC-014,2026-07-25T20:15:00+08:00,2026-07-25T23:15:00+08:00,3.00,50.00,Silver,0.10,45.00,135.00,100,50.00,85.00,10,Credit Card
SESS-20260725-8309-0122,M-1579,PC-160,2026-07-25T20:15:00+08:00,2026-07-26T04:15:00+08:00,8.00,120.00,Gold,0.20,96.00,768.00,0,0.00,768.00,115,GCash
SESS-20260725-2531-0145,M-1101,PC-146,2026-07-25T20:15:00+08:00,2026-07-25T23:15:00+08:00,3.00,80.00,Silver,0.10,72.00,216.00,100,50.00,166.00,20,Maya
SESS-20260725-5329-0184,M-1685,PC-002,2026-07-25T20:15:00+08:00,2026-07-25T21:15:00+08:00,1.00,50.00,Silver,0.10,45.00,45.00,0,0.00,45.00,5,GCash
SESS-20260725-1597-0207,M-1641,PC-142,2026-07-25T20:15:00+08:00,2026-07-25T22:15:00+08:00,2.00,80.00,Silver,0.10,72.00,144.00,0,0.00,144.00,18,GCash
SESS-20260725-5983-0310,M-1112,PC-119,2026-07-25T20:15:00+08:00,2026-07-25T22:15:00+08:00,2.00,80.00,Gold,0.20,64.00,128.00,0,0.00,128.00,19,Maya
SESS-20260725-3425-0384,M-1236,PC-071,2026-07-25T20:15:00+08:00,2026-07-25T22:15:00+08:00,2.00,50.00,Silver,0.10,45.00,90.00,0,0.00,90.00,11,GCash
SESS-20260725-6624-0112,M-1498,PC-038,2026-07-25T20:30:00+08:00,2026-07-26T01:30:00+08:00,5.00,50.00,Silver,0.10,45.00,225.00,0,0.00,225.00,28,GCash
SESS-20260725-5818-0116,M-1131,PC-149,2026-07-25T20:30:00+08:00,2026-07-26T01:30:00+08:00,5.00,80.00,Silver,0.10,72.00,360.00,0,0.00,360.00,45,GCash
SESS-20260725-4970-0201,M-1628,PC-126,2026-07-25T20:30:00+08:00,2026-07-25T22:30:00+08:00,2.00,80.00,Silver,0.10,72.00,144.00,0,0.00,144.00,18,Maya
SESS-20260725-9827-0259,M-2119,PC-074,2026-07-25T20:30:00+08:00,2026-07-25T23:30:00+08:00,3.00,50.00,Standard,0.00,50.00,150.00,0,0.00,150.00,15,Cash
SESS-20260725-7205-0328,M-1814,PC-047,2026-07-25T20:30:00+08:00,2026-07-25T22:30:00+08:00,2.00,50.00,Silver,0.10,45.00,90.00,0,0.00,90.00,11,GCash
SESS-20260725-7866-0344,M-1659,PC-035,2026-07-25T20:30:00+08:00,2026-07-25T22:30:00+08:00,2.00,50.00,Silver,0.10,45.00,90.00,0,0.00,90.00,11,GCash
SESS-20260725-3517-0334,M-1656,PC-122,2026-07-25T20:35:00+08:00,2026-07-25T22:35:00+08:00,2.00,80.00,Gold,0.20,64.00,128.00,100,50.00,78.00,11,Cash
SESS-20260725-1818-0167,M-1506,PC-039,2026-07-25T20:40:00+08:00,2026-07-26T04:40:00+08:00,8.00,50.00,Silver,0.10,45.00,360.00,300,150.00,210.00,26,GCash
SESS-20260725-1560-0333,M-1528,PC-170,2026-07-25T20:40:00+08:00,2026-07-25T21:40:00+08:00,1.00,120.00,Silver,0.10,108.00,108.00,0,0.00,108.00,13,GCash
SESS-20260725-7694-0398,M-1066,PC-112,2026-07-25T20:40:00+08:00,2026-07-25T23:40:00+08:00,3.00,80.00,Silver,0.10,72.00,216.00,0,0.00,216.00,27,GCash
SESS-20260725-9630-0004,M-1093,PC-088,2026-07-25T20:45:00+08:00,2026-07-25T22:45:00+08:00,2.00,50.00,Silver,0.10,45.00,90.00,0,0.00,90.00,11,GCash
SESS-20260725-4945-0011,M-1109,PC-085,2026-07-25T20:45:00+08:00,2026-07-25T21:45:00+08:00,1.00,50.00,Silver,0.10,45.00,45.00,0,0.00,45.00,5,Cash
SESS-20260725-1888-0098,M-1837,PC-161,2026-07-25T20:45:00+08:00,2026-07-25T22:45:00+08:00,2.00,120.00,Silver,0.10,108.00,216.00,0,0.00,216.00,27,GCash
SESS-20260725-8374-0143,M-1278,PC-049,2026-07-25T20:45:00+08:00,2026-07-26T01:45:00+08:00,5.00,50.00,Silver,0.10,45.00,225.00,0,0.00,225.00,28,GCash
SESS-20260725-9155-0159,M-1039,PC-109,2026-07-25T20:45:00+08:00,2026-07-26T04:45:00+08:00,8.00,80.00,Silver,0.10,72.00,576.00,0,0.00,576.00,72,GCash
SESS-20260725-5742-0215,M-1330,PC-054,2026-07-25T20:45:00+08:00,2026-07-25T22:45:00+08:00,2.00,50.00,Gold,0.20,40.00,80.00,0,0.00,80.00,12,Maya
SESS-20260725-8830-0252,M-1328,PC-108,2026-07-25T20:45:00+08:00,2026-07-25T22:45:00+08:00,2.00,80.00,Silver,0.10,72.00,144.00,0,0.00,144.00,18,GCash
SESS-20260725-5892-0268,M-1557,PC-051,2026-07-25T20:45:00+08:00,2026-07-26T01:45:00+08:00,5.00,50.00,Standard,0.00,50.00,250.00,0,0.00,250.00,25,Maya
SESS-20260725-3566-0281,M-1978,PC-020,2026-07-25T20:45:00+08:00,2026-07-25T22:45:00+08:00,2.00,50.00,Standard,0.00,50.00,100.00,0,0.00,100.00,10,Cash
SESS-20260725-3032-0287,M-1789,PC-072,2026-07-25T20:45:00+08:00,2026-07-26T01:45:00+08:00,5.00,50.00,Silver,0.10,45.00,225.00,200,100.00,125.00,15,GCash
SESS-20260725-6321-0291,M-1809,PC-121,2026-07-25T20:45:00+08:00,2026-07-25T23:45:00+08:00,3.00,80.00,Silver,0.10,72.00,216.00,300,150.00,66.00,8,Maya
SESS-20260725-3342-0304,M-1208,PC-004,2026-07-25T20:45:00+08:00,2026-07-25T22:45:00+08:00,2.00,50.00,Gold,0.20,40.00,80.00,0,0.00,80.00,12,Maya
SESS-20260725-5576-0316,M-1796,PC-060,2026-07-25T20:45:00+08:00,2026-07-25T22:45:00+08:00,2.00,50.00,Standard,0.00,50.00,100.00,0,0.00,100.00,10,Maya
SESS-20260725-7395-0346,M-1014,PC-164,2026-07-25T20:45:00+08:00,2026-07-25T22:45:00+08:00,2.00,120.00,Silver,0.10,108.00,216.00,0,0.00,216.00,27,Cash
SESS-20260725-2376-0285,M-1587,PC-033,2026-07-25T20:50:00+08:00,2026-07-25T21:50:00+08:00,1.00,50.00,Gold,0.20,40.00,40.00,0,0.00,40.00,6,Maya
SESS-20260725-2274-0327,M-1228,PC-175,2026-07-25T20:50:00+08:00,2026-07-25T22:50:00+08:00,2.00,120.00,Silver,0.10,108.00,216.00,0,0.00,216.00,27,Maya
SESS-20260725-1740-0180,M-1174,PC-076,2026-07-25T20:55:00+08:00,2026-07-25T23:55:00+08:00,3.00,50.00,Silver,0.10,45.00,135.00,0,0.00,135.00,16,GCash
SESS-20260725-8724-0075,M-1833,PC-103,2026-07-25T21:00:00+08:00,2026-07-25T22:00:00+08:00,1.00,80.00,Silver,0.10,72.00,72.00,100,50.00,22.00,2,GCash
SESS-20260725-5084-0084,M-1688,PC-070,2026-07-25T21:00:00+08:00,2026-07-26T00:00:00+08:00,3.00,50.00,Gold,0.20,40.00,120.00,0,0.00,120.00,18,Credit Card
SESS-20260725-6886-0179,M-1537,PC-022,2026-07-25T21:00:00+08:00,2026-07-25T23:00:00+08:00,2.00,50.00,Silver,0.10,45.00,90.00,100,50.00,40.00,5,Maya
SESS-20260725-4308-0244,M-1337,PC-092,2026-07-25T21:00:00+08:00,2026-07-25T23:00:00+08:00,2.00,50.00,Gold,0.20,40.00,80.00,0,0.00,80.00,12,Cash
SESS-20260725-6906-0249,M-1195,PC-129,2026-07-25T21:00:00+08:00,2026-07-26T02:00:00+08:00,5.00,80.00,Silver,0.10,72.00,360.00,0,0.00,360.00,45,GCash
SESS-20260725-1079-0282,M-1072,PC-063,2026-07-25T21:00:00+08:00,2026-07-26T02:00:00+08:00,5.00,50.00,Silver,0.10,45.00,225.00,100,50.00,175.00,21,Cash
SESS-20260725-2436-0322,M-2016,PC-066,2026-07-25T21:00:00+08:00,2026-07-26T00:00:00+08:00,3.00,50.00,Standard,0.00,50.00,150.00,100,50.00,100.00,10,GCash
SESS-20260725-4255-0324,M-2091,PC-065,2026-07-25T21:00:00+08:00,2026-07-25T23:00:00+08:00,2.00,50.00,Standard,0.00,50.00,100.00,0,0.00,100.00,10,GCash
SESS-20260725-3598-0353,M-1525,PC-155,2026-07-25T21:00:00+08:00,2026-07-26T02:00:00+08:00,5.00,120.00,Silver,0.10,108.00,540.00,0,0.00,540.00,67,Cash
SESS-20260725-5220-0371,M-1169,PC-027,2026-07-25T21:00:00+08:00,2026-07-26T02:00:00+08:00,5.00,50.00,Silver,0.10,45.00,225.00,0,0.00,225.00,28,Cash
SESS-20260725-2797-0372,M-1092,PC-094,2026-07-25T21:00:00+08:00,2026-07-25T22:00:00+08:00,1.00,50.00,Silver,0.10,45.00,45.00,0,0.00,45.00,5,GCash
SESS-20260725-8656-0386,M-1792,PC-042,2026-07-25T21:00:00+08:00,2026-07-25T23:00:00+08:00,2.00,50.00,Gold,0.20,40.00,80.00,100,50.00,30.00,4,GCash
SESS-20260725-9619-0414,M-1344,PC-023,2026-07-25T21:00:00+08:00,2026-07-26T00:00:00+08:00,3.00,50.00,Silver,0.10,45.00,135.00,0,0.00,135.00,16,Maya
SESS-20260725-6867-0181,M-1305,PC-153,2026-07-25T21:05:00+08:00,2026-07-25T23:05:00+08:00,2.00,120.00,Silver,0.10,108.00,216.00,0,0.00,216.00,27,Cash
SESS-20260725-4096-0331,M-1373,PC-058,2026-07-25T21:05:00+08:00,2026-07-25T23:05:00+08:00,2.00,50.00,Silver,0.10,45.00,90.00,0,0.00,90.00,11,Cash
SESS-20260725-2690-0388,M-1321,PC-046,2026-07-25T21:05:00+08:00,2026-07-25T22:05:00+08:00,1.00,50.00,Silver,0.10,45.00,45.00,0,0.00,45.00,5,GCash
SESS-20260725-6012-0283,M-1565,PC-098,2026-07-25T21:10:00+08:00,2026-07-25T23:10:00+08:00,2.00,50.00,Silver,0.10,45.00,90.00,0,0.00,90.00,11,GCash
SESS-20260725-5062-0025,M-2163,PC-024,2026-07-25T21:15:00+08:00,2026-07-25T23:15:00+08:00,2.00,50.00,Silver,0.10,45.00,90.00,0,0.00,90.00,11,GCash
SESS-20260725-5844-0046,M-1242,PC-120,2026-07-25T21:15:00+08:00,2026-07-25T23:15:00+08:00,2.00,80.00,Silver,0.10,72.00,144.00,0,0.00,144.00,18,Cash
SESS-20260725-7976-0049,M-1080,PC-157,2026-07-25T21:15:00+08:00,2026-07-25T23:15:00+08:00,2.00,120.00,Silver,0.10,108.00,216.00,0,0.00,216.00,27,Credit Card
SESS-20260725-7394-0066,M-1345,PC-133,2026-07-25T21:15:00+08:00,2026-07-26T00:15:00+08:00,3.00,80.00,Silver,0.10,72.00,216.00,0,0.00,216.00,27,Maya
SESS-20260725-1633-0071,M-1804,PC-030,2026-07-25T21:15:00+08:00,2026-07-25T23:15:00+08:00,2.00,50.00,Silver,0.10,45.00,90.00,0,0.00,90.00,11,GCash
SESS-20260725-6351-0110,M-1584,PC-136,2026-07-25T21:15:00+08:00,2026-07-26T00:15:00+08:00,3.00,80.00,Silver,0.10,72.00,216.00,100,50.00,166.00,20,Cash
SESS-20260725-6001-0307,M-1129,PC-139,2026-07-25T21:15:00+08:00,2026-07-25T23:15:00+08:00,2.00,80.00,Gold,0.20,64.00,128.00,0,0.00,128.00,19,Credit Card
SESS-20260725-1788-0369,M-2105,PC-143,2026-07-25T21:15:00+08:00,2026-07-26T00:15:00+08:00,3.00,80.00,Standard,0.00,80.00,240.00,0,0.00,240.00,24,Credit Card
SESS-20260725-9811-0271,M-1366,PC-009,2026-07-25T21:20:00+08:00,2026-07-26T00:20:00+08:00,3.00,50.00,Silver,0.10,45.00,135.00,0,0.00,135.00,16,Credit Card
SESS-20260725-9011-0035,M-1669,PC-056,2026-07-25T21:30:00+08:00,2026-07-25T22:30:00+08:00,1.00,50.00,Silver,0.10,45.00,45.00,0,0.00,45.00,5,Cash
SESS-20260725-3072-0055,M-1827,PC-017,2026-07-25T21:30:00+08:00,2026-07-25T22:30:00+08:00,1.00,50.00,Silver,0.10,45.00,45.00,0,0.00,45.00,5,Cash
SESS-20260725-2442-0078,M-1260,PC-167,2026-07-25T21:30:00+08:00,2026-07-26T00:30:00+08:00,3.00,120.00,Silver,0.10,108.00,324.00,400,200.00,124.00,15,GCash
SESS-20260725-1724-0161,M-1388,PC-062,2026-07-25T21:30:00+08:00,2026-07-25T22:30:00+08:00,1.00,50.00,Silver,0.10,45.00,45.00,0,0.00,45.00,5,Cash
SESS-20260725-6593-0178,M-1950,PC-134,2026-07-25T21:30:00+08:00,2026-07-25T22:30:00+08:00,1.00,80.00,Standard,0.00,80.00,80.00,0,0.00,80.00,8,GCash
SESS-20260725-3852-0220,M-1813,PC-069,2026-07-25T21:30:00+08:00,2026-07-26T02:30:00+08:00,5.00,50.00,Silver,0.10,45.00,225.00,0,0.00,225.00,28,Cash
SESS-20260725-9777-0241,M-1635,PC-105,2026-07-25T21:30:00+08:00,2026-07-26T00:30:00+08:00,3.00,80.00,Silver,0.10,72.00,216.00,100,50.00,166.00,20,GCash
SESS-20260725-4215-0246,M-2068,PC-127,2026-07-25T21:30:00+08:00,2026-07-25T23:30:00+08:00,2.00,80.00,Standard,0.00,80.00,160.00,0,0.00,160.00,16,Cash
SESS-20260725-4716-0258,M-1108,PC-152,2026-07-25T21:30:00+08:00,2026-07-26T05:30:00+08:00,8.00,120.00,Silver,0.10,108.00,864.00,0,0.00,864.00,108,Maya
SESS-20260725-1254-0311,M-1622,PC-137,2026-07-25T21:30:00+08:00,2026-07-25T22:30:00+08:00,1.00,80.00,Silver,0.10,72.00,72.00,0,0.00,72.00,9,Cash
SESS-20260725-1131-0355,M-1276,PC-068,2026-07-25T21:30:00+08:00,2026-07-25T23:30:00+08:00,2.00,50.00,Silver,0.10,45.00,90.00,0,0.00,90.00,11,Maya
SESS-20260725-4637-0358,M-1394,PC-053,2026-07-25T21:30:00+08:00,2026-07-25T22:30:00+08:00,1.00,50.00,Silver,0.10,45.00,45.00,0,0.00,45.00,5,GCash
SESS-20260725-9676-0407,M-1810,PC-002,2026-07-25T21:30:00+08:00,2026-07-25T23:30:00+08:00,2.00,50.00,Silver,0.10,45.00,90.00,0,0.00,90.00,11,Maya
SESS-20260725-6098-0174,M-1816,PC-097,2026-07-25T21:35:00+08:00,2026-07-25T23:35:00+08:00,2.00,50.00,Silver,0.10,45.00,90.00,0,0.00,90.00,11,GCash
SESS-20260725-4262-0359,M-1492,PC-093,2026-07-25T21:35:00+08:00,2026-07-26T02:35:00+08:00,5.00,50.00,Silver,0.10,45.00,225.00,0,0.00,225.00,28,GCash
SESS-20260725-2289-0063,M-1473,PC-079,2026-07-25T21:40:00+08:00,2026-07-25T23:40:00+08:00,2.00,50.00,Silver,0.10,45.00,90.00,0,0.00,90.00,11,Credit Card
SESS-20260725-4646-0223,M-1542,PC-028,2026-07-25T21:40:00+08:00,2026-07-25T23:40:00+08:00,2.00,50.00,Silver,0.10,45.00,90.00,0,0.00,90.00,11,Maya
SESS-20260725-2377-0387,M-1284,PC-029,2026-07-25T21:40:00+08:00,2026-07-26T02:40:00+08:00,5.00,50.00,Silver,0.10,45.00,225.00,100,50.00,175.00,21,Cash
SESS-20260725-4463-0042,M-1249,PC-106,2026-07-25T21:45:00+08:00,2026-07-26T02:45:00+08:00,5.00,80.00,Silver,0.10,72.00,360.00,0,0.00,360.00,45,GCash
SESS-20260725-4968-0087,M-1798,PC-040,2026-07-25T21:45:00+08:00,2026-07-26T00:45:00+08:00,3.00,50.00,Silver,0.10,45.00,135.00,0,0.00,135.00,16,Cash
SESS-20260725-4658-0089,M-1306,PC-043,2026-07-25T21:45:00+08:00,2026-07-26T05:45:00+08:00,8.00,50.00,Silver,0.10,45.00,360.00,0,0.00,360.00,45,GCash
SESS-20260725-7786-0105,M-1235,PC-130,2026-07-25T21:45:00+08:00,2026-07-25T23:45:00+08:00,2.00,80.00,Gold,0.20,64.00,128.00,200,100.00,28.00,4,GCash
SESS-20260725-3295-0222,M-2075,PC-096,2026-07-25T21:45:00+08:00,2026-07-25T23:45:00+08:00,2.00,50.00,Standard,0.00,50.00,100.00,0,0.00,100.00,10,GCash
SESS-20260725-5370-0276,M-1840,PC-037,2026-07-25T21:45:00+08:00,2026-07-25T23:45:00+08:00,2.00,50.00,Gold,0.20,40.00,80.00,0,0.00,80.00,12,GCash
SESS-20260725-9553-0292,M-1395,PC-036,2026-07-25T21:45:00+08:00,2026-07-25T23:45:00+08:00,2.00,50.00,Silver,0.10,45.00,90.00,0,0.00,90.00,11,GCash
SESS-20260725-7902-0294,M-1651,PC-084,2026-07-25T21:45:00+08:00,2026-07-26T05:45:00+08:00,8.00,50.00,Silver,0.10,45.00,360.00,0,0.00,360.00,45,GCash
SESS-20260725-3481-0033,M-1997,PC-019,2026-07-25T21:50:00+08:00,2026-07-26T00:50:00+08:00,3.00,50.00,Standard,0.00,50.00,150.00,0,0.00,150.00,15,GCash
SESS-20260725-4338-0378,M-1206,PC-144,2026-07-25T21:50:00+08:00,2026-07-26T05:50:00+08:00,8.00,80.00,Silver,0.10,72.00,576.00,0,0.00,576.00,72,Maya
SESS-20260725-3702-0424,M-1259,PC-170,2026-07-25T21:50:00+08:00,2026-07-26T00:50:00+08:00,3.00,120.00,Silver,0.10,108.00,324.00,0,0.00,324.00,40,GCash
SESS-20260725-1733-0434,M-1124,PC-118,2026-07-25T21:50:00+08:00,2026-07-26T00:50:00+08:00,3.00,80.00,Silver,0.10,72.00,216.00,0,0.00,216.00,27,GCash
SESS-20260725-2768-0406,M-1423,PC-033,2026-07-25T21:55:00+08:00,2026-07-26T00:55:00+08:00,3.00,50.00,Silver,0.10,45.00,135.00,0,0.00,135.00,16,Cash
SESS-20260725-4904-0001,M-1674,PC-163,2026-07-25T22:00:00+08:00,2026-07-25T23:00:00+08:00,1.00,120.00,Silver,0.10,108.00,108.00,0,0.00,108.00,13,GCash
SESS-20260725-8387-0039,M-1854,PC-151,2026-07-25T22:00:00+08:00,2026-07-26T01:00:00+08:00,3.00,120.00,Standard,0.00,120.00,360.00,0,0.00,360.00,36,GCash
SESS-20260725-8732-0043,M-1139,PC-107,2026-07-25T22:00:00+08:00,2026-07-26T06:00:00+08:00,8.00,80.00,Silver,0.10,72.00,576.00,200,100.00,476.00,59,GCash
SESS-20260725-7689-0108,M-1490,PC-168,2026-07-25T22:00:00+08:00,2026-07-26T01:00:00+08:00,3.00,120.00,Silver,0.10,108.00,324.00,0,0.00,324.00,40,GCash
SESS-20260725-1585-0120,M-1127,PC-128,2026-07-25T22:00:00+08:00,2026-07-26T00:00:00+08:00,2.00,80.00,Silver,0.10,72.00,144.00,0,0.00,144.00,18,Maya
SESS-20260725-5172-0182,M-1028,PC-045,2026-07-25T22:00:00+08:00,2026-07-26T01:00:00+08:00,3.00,50.00,Gold,0.20,40.00,120.00,0,0.00,120.00,18,Maya
SESS-20260725-1311-0293,M-1704,PC-162,2026-07-25T22:00:00+08:00,2026-07-26T03:00:00+08:00,5.00,120.00,Silver,0.10,108.00,540.00,0,0.00,540.00,67,Maya
SESS-20260725-4666-0350,M-1786,PC-110,2026-07-25T22:00:00+08:00,2026-07-25T23:00:00+08:00,1.00,80.00,Gold,0.20,64.00,64.00,0,0.00,64.00,9,Credit Card
SESS-20260725-9983-0367,M-1446,PC-174,2026-07-25T22:00:00+08:00,2026-07-26T01:00:00+08:00,3.00,120.00,Silver,0.10,108.00,324.00,0,0.00,324.00,40,Credit Card
SESS-20260725-9886-0394,M-1178,PC-073,2026-07-25T22:00:00+08:00,2026-07-26T03:00:00+08:00,5.00,50.00,Silver,0.10,45.00,225.00,0,0.00,225.00,28,GCash
SESS-20260725-1069-0408,M-1252,PC-148,2026-07-25T22:00:00+08:00,2026-07-26T03:00:00+08:00,5.00,80.00,Silver,0.10,72.00,360.00,0,0.00,360.00,45,Cash
SESS-20260725-6108-0136,M-1081,PC-007,2026-07-25T22:05:00+08:00,2026-07-25T23:05:00+08:00,1.00,50.00,Silver,0.10,45.00,45.00,0,0.00,45.00,5,Cash
SESS-20260725-5904-0279,M-1675,PC-115,2026-07-25T22:05:00+08:00,2026-07-26T00:05:00+08:00,2.00,80.00,Gold,0.20,64.00,128.00,0,0.00,128.00,19,GCash
SESS-20260725-3800-0137,M-1481,PC-171,2026-07-25T22:10:00+08:00,2026-07-25T23:10:00+08:00,1.00,120.00,Silver,0.10,108.00,108.00,0,0.00,108.00,13,Cash
SESS-20260725-5467-0210,M-1076,PC-147,2026-07-25T22:10:00+08:00,2026-07-26T00:10:00+08:00,2.00,80.00,Silver,0.10,72.00,144.00,0,0.00,144.00,18,Maya
SESS-20260725-7333-0343,M-1151,PC-103,2026-07-25T22:10:00+08:00,2026-07-26T01:10:00+08:00,3.00,80.00,Silver,0.10,72.00,216.00,0,0.00,216.00,27,Cash
SESS-20260725-4263-0379,M-1322,PC-090,2026-07-25T22:10:00+08:00,2026-07-25T23:10:00+08:00,1.00,50.00,Standard,0.00,50.00,50.00,0,0.00,50.00,5,Maya
SESS-20260725-8178-0382,M-1043,PC-094,2026-07-25T22:10:00+08:00,2026-07-26T01:10:00+08:00,3.00,50.00,Gold,0.20,40.00,120.00,0,0.00,120.00,18,Cash
SESS-20260725-9410-0038,M-1698,PC-102,2026-07-25T22:15:00+08:00,2026-07-26T00:15:00+08:00,2.00,80.00,Standard,0.00,80.00,160.00,0,0.00,160.00,16,GCash
SESS-20260725-1447-0059,M-1369,PC-083,2026-07-25T22:15:00+08:00,2026-07-25T23:15:00+08:00,1.00,50.00,Silver,0.10,45.00,45.00,0,0.00,45.00,5,Cash
SESS-20260725-2891-0088,M-1664,PC-114,2026-07-25T22:15:00+08:00,2026-07-26T00:15:00+08:00,2.00,80.00,Gold,0.20,64.00,128.00,0,0.00,128.00,19,GCash
SESS-20260725-5904-0095,M-1320,PC-013,2026-07-25T22:15:00+08:00,2026-07-26T00:15:00+08:00,2.00,50.00,Silver,0.10,45.00,90.00,0,0.00,90.00,11,GCash
SESS-20260725-3196-0123,M-1058,PC-123,2026-07-25T22:15:00+08:00,2026-07-26T00:15:00+08:00,2.00,80.00,Silver,0.10,72.00,144.00,0,0.00,144.00,18,Maya
SESS-20260725-1679-0339,M-1857,PC-159,2026-07-25T22:15:00+08:00,2026-07-26T00:15:00+08:00,2.00,120.00,Standard,0.00,120.00,240.00,0,0.00,240.00,24,Cash
SESS-20260725-3613-0385,M-2157,PC-071,2026-07-25T22:15:00+08:00,2026-07-26T01:15:00+08:00,3.00,50.00,Standard,0.00,50.00,150.00,0,0.00,150.00,15,Maya
SESS-20260725-2769-0404,M-1073,PC-111,2026-07-25T22:15:00+08:00,2026-07-25T23:15:00+08:00,1.00,80.00,Silver,0.10,72.00,72.00,100,50.00,22.00,2,Cash
SESS-20260725-7000-0169,M-1238,PC-064,2026-07-25T22:20:00+08:00,2026-07-26T00:20:00+08:00,2.00,50.00,Silver,0.10,45.00,90.00,100,50.00,40.00,5,Cash
SESS-20260725-2012-0217,M-1102,PC-142,2026-07-25T22:20:00+08:00,2026-07-26T00:20:00+08:00,2.00,80.00,Standard,0.00,80.00,160.00,0,0.00,160.00,16,GCash
SESS-20260725-6046-0309,M-1095,PC-077,2026-07-25T22:20:00+08:00,2026-07-26T01:20:00+08:00,3.00,50.00,Silver,0.10,45.00,135.00,0,0.00,135.00,16,GCash
SESS-20260725-6287-0425,M-2159,PC-046,2026-07-25T22:20:00+08:00,2026-07-26T00:20:00+08:00,2.00,50.00,Silver,0.10,45.00,90.00,0,0.00,90.00,11,GCash
SESS-20260725-2776-0381,M-1442,PC-119,2026-07-25T22:25:00+08:00,2026-07-26T00:25:00+08:00,2.00,80.00,Silver,0.10,72.00,144.00,0,0.00,144.00,18,GCash
SESS-20260725-5798-0065,M-1644,PC-117,2026-07-25T22:30:00+08:00,2026-07-26T00:30:00+08:00,2.00,80.00,Silver,0.10,72.00,144.00,0,0.00,144.00,18,Maya
SESS-20260725-7444-0081,M-1782,PC-048,2026-07-25T22:30:00+08:00,2026-07-26T03:30:00+08:00,5.00,50.00,Gold,0.20,40.00,200.00,300,150.00,50.00,7,Credit Card
SESS-20260725-2064-0086,M-1936,PC-086,2026-07-25T22:30:00+08:00,2026-07-25T23:30:00+08:00,1.00,50.00,Standard,0.00,50.00,50.00,0,0.00,50.00,5,Cash
SESS-20260725-6414-0118,M-1335,PC-104,2026-07-25T22:30:00+08:00,2026-07-25T23:30:00+08:00,1.00,80.00,Silver,0.10,72.00,72.00,0,0.00,72.00,9,Credit Card
SESS-20260725-7856-0153,M-1802,PC-003,2026-07-25T22:30:00+08:00,2026-07-26T00:30:00+08:00,2.00,50.00,Silver,0.10,45.00,90.00,0,0.00,90.00,11,Cash
SESS-20260725-1683-0157,M-1452,PC-050,2026-07-25T22:30:00+08:00,2026-07-26T00:30:00+08:00,2.00,50.00,Silver,0.10,45.00,90.00,0,0.00,90.00,11,Cash
SESS-20260725-6363-0187,M-1251,PC-095,2026-07-25T22:30:00+08:00,2026-07-26T00:30:00+08:00,2.00,50.00,Silver,0.10,45.00,90.00,0,0.00,90.00,11,Maya
SESS-20260725-5743-0214,M-1341,PC-008,2026-07-25T22:30:00+08:00,2026-07-26T01:30:00+08:00,3.00,50.00,Standard,0.00,50.00,150.00,0,0.00,150.00,15,Credit Card
SESS-20260725-7111-0336,M-1784,PC-165,2026-07-25T22:30:00+08:00,2026-07-26T06:30:00+08:00,8.00,120.00,Standard,0.00,120.00,960.00,0,0.00,960.00,96,GCash
SESS-20260725-7083-0366,M-1308,PC-059,2026-07-25T22:30:00+08:00,2026-07-26T03:30:00+08:00,5.00,50.00,Silver,0.10,45.00,225.00,0,0.00,225.00,28,GCash
SESS-20260725-1661-0389,M-1346,PC-078,2026-07-25T22:30:00+08:00,2026-07-26T03:30:00+08:00,5.00,50.00,Silver,0.10,45.00,225.00,0,0.00,225.00,28,GCash
SESS-20260725-3081-0390,M-1723,PC-089,2026-07-25T22:30:00+08:00,2026-07-26T06:30:00+08:00,8.00,50.00,Silver,0.10,45.00,360.00,0,0.00,360.00,45,GCash
SESS-20260725-5545-0040,M-1597,PC-056,2026-07-25T22:35:00+08:00,2026-07-25T23:35:00+08:00,1.00,50.00,Silver,0.10,45.00,45.00,0,0.00,45.00,5,Cash
SESS-20260725-3544-0218,M-2098,PC-141,2026-07-25T22:35:00+08:00,2026-07-26T00:35:00+08:00,2.00,80.00,Standard,0.00,80.00,160.00,0,0.00,160.00,16,GCash
SESS-20260725-9039-0416,M-1394,PC-055,2026-07-25T22:35:00+08:00,2026-07-26T00:35:00+08:00,2.00,50.00,Silver,0.10,45.00,90.00,0,0.00,90.00,11,Credit Card
SESS-20260725-7218-0423,M-1224,PC-017,2026-07-25T22:35:00+08:00,2026-07-26T01:35:00+08:00,3.00,50.00,Silver,0.10,45.00,135.00,0,0.00,135.00,16,Maya
SESS-20260725-7490-0224,M-1621,PC-134,2026-07-25T22:40:00+08:00,2026-07-26T03:40:00+08:00,5.00,80.00,Silver,0.10,72.00,360.00,0,0.00,360.00,45,GCash
SESS-20260725-9570-0269,M-1975,PC-062,2026-07-25T22:40:00+08:00,2026-07-26T00:40:00+08:00,2.00,50.00,Standard,0.00,50.00,100.00,100,50.00,50.00,5,GCash
SESS-20260725-8831-0318,M-1154,PC-137,2026-07-25T22:40:00+08:00,2026-07-26T00:40:00+08:00,2.00,80.00,Silver,0.10,72.00,144.00,0,0.00,144.00,18,GCash
SESS-20260725-3406-0422,M-1743,PC-116,2026-07-25T22:40:00+08:00,2026-07-26T00:40:00+08:00,2.00,80.00,Silver,0.10,72.00,144.00,0,0.00,144.00,18,GCash
SESS-20260725-6272-0013,M-1574,PC-081,2026-07-25T22:45:00+08:00,2026-07-26T03:45:00+08:00,5.00,50.00,Standard,0.00,50.00,250.00,0,0.00,250.00,25,Cash
SESS-20260725-3710-0044,M-2101,PC-026,2026-07-25T22:45:00+08:00,2026-07-25T23:45:00+08:00,1.00,50.00,Standard,0.00,50.00,50.00,0,0.00,50.00,5,Credit Card
SESS-20260725-8479-0085,M-1421,PC-057,2026-07-25T22:45:00+08:00,2026-07-25T23:45:00+08:00,1.00,50.00,Silver,0.10,45.00,45.00,0,0.00,45.00,5,GCash
SESS-20260725-6853-0115,M-1573,PC-091,2026-07-25T22:45:00+08:00,2026-07-26T03:45:00+08:00,5.00,50.00,Silver,0.10,45.00,225.00,0,0.00,225.00,28,Maya
SESS-20260725-1617-0203,M-2167,PC-061,2026-07-25T22:45:00+08:00,2026-07-26T01:45:00+08:00,3.00,50.00,Standard,0.00,50.00,150.00,0,0.00,150.00,15,GCash
SESS-20260725-9311-0261,M-1623,PC-126,2026-07-25T22:45:00+08:00,2026-07-25T23:45:00+08:00,1.00,80.00,Silver,0.10,72.00,72.00,0,0.00,72.00,9,Cash
SESS-20260725-5577-0289,M-1636,PC-052,2026-07-25T22:45:00+08:00,2026-07-25T23:45:00+08:00,1.00,50.00,Gold,0.20,40.00,40.00,0,0.00,40.00,6,Cash
SESS-20260725-4602-0335,M-1436,PC-047,2026-07-25T22:45:00+08:00,2026-07-26T01:45:00+08:00,3.00,50.00,Silver,0.10,45.00,135.00,0,0.00,135.00,16,Maya
SESS-20260725-2071-0375,M-1371,PC-053,2026-07-25T22:45:00+08:00,2026-07-26T00:45:00+08:00,2.00,50.00,Silver,0.10,45.00,90.00,100,50.00,40.00,5,GCash
SESS-20260725-5766-0376,M-1794,PC-035,2026-07-25T22:45:00+08:00,2026-07-26T01:45:00+08:00,3.00,50.00,Silver,0.10,45.00,135.00,200,100.00,35.00,4,Cash
SESS-20260725-5813-0377,M-2077,PC-122,2026-07-25T22:45:00+08:00,2026-07-26T00:45:00+08:00,2.00,80.00,Standard,0.00,80.00,160.00,0,0.00,160.00,16,Cash
SESS-20260725-7487-0421,M-1024,PC-067,2026-07-25T22:45:00+08:00,2026-07-26T01:45:00+08:00,3.00,50.00,Silver,0.10,45.00,135.00,0,0.00,135.00,16,Credit Card
SESS-20260725-3657-0172,M-1469,PC-135,2026-07-25T22:50:00+08:00,2026-07-26T00:50:00+08:00,2.00,80.00,Silver,0.10,72.00,144.00,0,0.00,144.00,18,Credit Card
SESS-20260725-2626-0270,M-1477,PC-108,2026-07-25T22:50:00+08:00,2026-07-26T03:50:00+08:00,5.00,80.00,Silver,0.10,72.00,360.00,0,0.00,360.00,45,GCash
SESS-20260725-9907-0288,M-1609,PC-161,2026-07-25T22:50:00+08:00,2026-07-25T23:50:00+08:00,1.00,120.00,Silver,0.10,108.00,108.00,0,0.00,108.00,13,Maya
SESS-20260725-8461-0305,M-1456,PC-020,2026-07-25T22:50:00+08:00,2026-07-25T23:50:00+08:00,1.00,50.00,Silver,0.10,45.00,45.00,0,0.00,45.00,5,GCash
SESS-20260725-8770-0400,M-1138,PC-164,2026-07-25T22:50:00+08:00,2026-07-25T23:50:00+08:00,1.00,120.00,Silver,0.10,108.00,108.00,0,0.00,108.00,13,GCash
SESS-20260725-3421-0410,M-1799,PC-173,2026-07-25T22:50:00+08:00,2026-07-26T01:50:00+08:00,3.00,120.00,Silver,0.10,108.00,324.00,0,0.00,324.00,40,GCash
SESS-20260725-2644-0125,M-1599,PC-088,2026-07-25T22:55:00+08:00,2026-07-26T00:55:00+08:00,2.00,50.00,Silver,0.10,45.00,90.00,0,0.00,90.00,11,GCash
SESS-20260725-2138-0315,M-1336,PC-004,2026-07-25T22:55:00+08:00,2026-07-26T01:55:00+08:00,3.00,50.00,Silver,0.10,45.00,135.00,0,0.00,135.00,16,Cash
SESS-20260725-4604-0417,M-1097,PC-015,2026-07-25T22:55:00+08:00,2026-07-25T23:55:00+08:00,1.00,50.00,Silver,0.10,45.00,45.00,0,0.00,45.00,5,Cash
SESS-20260725-8586-0050,M-1913,PC-010,2026-07-25T23:00:00+08:00,2026-07-26T04:00:00+08:00,5.00,50.00,Standard,0.00,50.00,250.00,0,0.00,250.00,25,GCash
SESS-20260725-1310-0129,M-1061,PC-156,2026-07-25T23:00:00+08:00,2026-07-26T02:00:00+08:00,3.00,120.00,Silver,0.10,108.00,324.00,100,50.00,274.00,34,GCash
SESS-20260725-6328-0146,M-1387,PC-124,2026-07-25T23:00:00+08:00,2026-07-26T01:00:00+08:00,2.00,80.00,Silver,0.10,72.00,144.00,0,0.00,144.00,18,GCash
SESS-20260725-8624-0175,M-1144,PC-025,2026-07-25T23:00:00+08:00,2026-07-26T00:00:00+08:00,1.00,50.00,Silver,0.10,45.00,45.00,0,0.00,45.00,5,Credit Card
SESS-20260725-4144-0278,M-1673,PC-100,2026-07-25T23:00:00+08:00,2026-07-26T01:00:00+08:00,2.00,50.00,Silver,0.10,45.00,90.00,0,0.00,90.00,11,Cash
SESS-20260725-7094-0296,M-1009,PC-011,2026-07-25T23:00:00+08:00,2026-07-26T00:00:00+08:00,1.00,50.00,Silver,0.10,45.00,45.00,0,0.00,45.00,5,GCash
SESS-20260725-6524-0317,M-1706,PC-060,2026-07-25T23:00:00+08:00,2026-07-26T07:00:00+08:00,8.00,50.00,Gold,0.20,40.00,320.00,0,0.00,320.00,48,Maya
SESS-20260725-3347-0354,M-1234,PC-054,2026-07-25T23:00:00+08:00,2026-07-26T04:00:00+08:00,5.00,50.00,Silver,0.10,45.00,225.00,0,0.00,225.00,28,Cash
SESS-20260725-6597-0242,M-1783,PC-132,2026-07-25T23:05:00+08:00,2026-07-26T07:05:00+08:00,8.00,80.00,Silver,0.10,72.00,576.00,0,0.00,576.00,72,Maya
SESS-20260725-7924-0342,M-1730,PC-175,2026-07-25T23:05:00+08:00,2026-07-26T04:05:00+08:00,5.00,120.00,Silver,0.10,108.00,540.00,100,50.00,490.00,61,GCash
SESS-20260725-8350-0419,M-1882,PC-042,2026-07-25T23:05:00+08:00,2026-07-26T01:05:00+08:00,2.00,50.00,Silver,0.10,45.00,90.00,0,0.00,90.00,11,Cash
SESS-20260725-4773-0186,M-1800,PC-007,2026-07-25T23:10:00+08:00,2026-07-26T02:10:00+08:00,3.00,50.00,Silver,0.10,45.00,135.00,0,0.00,135.00,16,GCash
SESS-20260725-3854-0199,M-1088,PC-022,2026-07-25T23:10:00+08:00,2026-07-26T01:10:00+08:00,2.00,50.00,Gold,0.20,40.00,80.00,100,50.00,30.00,4,GCash
SESS-20260725-2315-0348,M-1168,PC-065,2026-07-25T23:10:00+08:00,2026-07-26T02:10:00+08:00,3.00,50.00,Silver,0.10,45.00,135.00,200,100.00,35.00,4,GCash
SESS-20260725-9199-0362,M-1652,PC-110,2026-07-25T23:10:00+08:00,2026-07-26T01:10:00+08:00,2.00,80.00,Silver,0.10,72.00,144.00,0,0.00,144.00,18,Cash
SESS-20260725-9027-0365,M-1325,PC-153,2026-07-25T23:10:00+08:00,2026-07-26T01:10:00+08:00,2.00,120.00,Silver,0.10,108.00,216.00,0,0.00,216.00,27,Credit Card
SESS-20260725-4879-0031,M-1699,PC-012,2026-07-25T23:15:00+08:00,2026-07-26T01:15:00+08:00,2.00,50.00,Silver,0.10,45.00,90.00,0,0.00,90.00,11,GCash
SESS-20260725-1122-0131,M-1751,PC-163,2026-07-25T23:15:00+08:00,2026-07-26T01:15:00+08:00,2.00,120.00,Silver,0.10,108.00,216.00,0,0.00,216.00,27,GCash
SESS-20260725-9304-0260,M-1389,PC-031,2026-07-25T23:15:00+08:00,2026-07-26T04:15:00+08:00,5.00,50.00,Silver,0.10,45.00,225.00,0,0.00,225.00,28,Credit Card
SESS-20260725-3516-0286,M-1634,PC-166,2026-07-25T23:15:00+08:00,2026-07-26T02:15:00+08:00,3.00,120.00,Silver,0.10,108.00,324.00,200,100.00,224.00,28,GCash
SESS-20260725-2906-0306,M-1176,PC-092,2026-07-25T23:15:00+08:00,2026-07-26T00:15:00+08:00,1.00,50.00,Silver,0.10,45.00,45.00,0,0.00,45.00,5,Maya
SESS-20260725-5814-0320,M-1686,PC-032,2026-07-25T23:15:00+08:00,2026-07-26T01:15:00+08:00,2.00,50.00,Standard,0.00,50.00,100.00,0,0.00,100.00,10,Cash
SESS-20260725-9419-0329,M-1063,PC-082,2026-07-25T23:15:00+08:00,2026-07-26T01:15:00+08:00,2.00,50.00,Silver,0.10,45.00,90.00,0,0.00,90.00,11,Cash
SESS-20260725-7374-0380,M-1429,PC-090,2026-07-25T23:15:00+08:00,2026-07-26T02:15:00+08:00,3.00,50.00,Silver,0.10,45.00,135.00,0,0.00,135.00,16,GCash
SESS-20260725-7240-0401,M-1763,PC-058,2026-07-25T23:15:00+08:00,2026-07-26T04:15:00+08:00,5.00,50.00,Silver,0.10,45.00,225.00,0,0.00,225.00,28,Credit Card
SESS-20260725-8758-0428,M-1607,PC-018,2026-07-25T23:15:00+08:00,2026-07-26T04:15:00+08:00,5.00,50.00,Standard,0.00,50.00,250.00,0,0.00,250.00,25,GCash
SESS-20260725-4820-0022,M-1117,PC-005,2026-07-25T23:20:00+08:00,2026-07-26T00:20:00+08:00,1.00,50.00,Standard,0.00,50.00,50.00,0,0.00,50.00,5,Maya
SESS-20260725-6775-0251,M-1495,PC-024,2026-07-25T23:20:00+08:00,2026-07-26T02:20:00+08:00,3.00,50.00,Silver,0.10,45.00,135.00,200,100.00,35.00,4,Cash
SESS-20260725-6808-0295,M-1361,PC-098,2026-07-25T23:20:00+08:00,2026-07-26T01:20:00+08:00,2.00,50.00,Silver,0.10,45.00,90.00,0,0.00,90.00,11,GCash
SESS-20260725-2104-0302,M-1358,PC-041,2026-07-25T23:20:00+08:00,2026-07-26T01:20:00+08:00,2.00,50.00,Silver,0.10,45.00,90.00,0,0.00,90.00,11,GCash
SESS-20260725-2648-0313,M-1598,PC-030,2026-07-25T23:20:00+08:00,2026-07-26T07:20:00+08:00,8.00,50.00,Standard,0.00,50.00,400.00,0,0.00,400.00,40,Cash
SESS-20260725-3694-0368,M-1642,PC-083,2026-07-25T23:20:00+08:00,2026-07-26T01:20:00+08:00,2.00,50.00,Gold,0.20,40.00,80.00,100,50.00,30.00,4,Maya
SESS-20260725-1209-0426,M-1136,PC-111,2026-07-25T23:20:00+08:00,2026-07-26T01:20:00+08:00,2.00,80.00,Silver,0.10,72.00,144.00,0,0.00,144.00,18,GCash
SESS-20260725-1876-0213,M-1232,PC-014,2026-07-25T23:25:00+08:00,2026-07-26T00:25:00+08:00,1.00,50.00,Silver,0.10,45.00,45.00,0,0.00,45.00,5,GCash
SESS-20260725-4074-0266,M-1398,PC-157,2026-07-25T23:25:00+08:00,2026-07-26T02:25:00+08:00,3.00,120.00,Gold,0.20,96.00,288.00,0,0.00,288.00,43,GCash
SESS-20260725-1770-0392,M-1774,PC-113,2026-07-25T23:25:00+08:00,2026-07-26T04:25:00+08:00,5.00,80.00,Silver,0.10,72.00,360.00,0,0.00,360.00,45,GCash
SESS-20260725-9549-0090,M-2062,PC-085,2026-07-25T23:30:00+08:00,2026-07-26T00:30:00+08:00,1.00,50.00,Standard,0.00,50.00,50.00,0,0.00,50.00,5,GCash
SESS-20260725-3637-0114,M-1828,PC-087,2026-07-25T23:30:00+08:00,2026-07-26T01:30:00+08:00,2.00,50.00,Silver,0.10,45.00,90.00,0,0.00,90.00,11,GCash
SESS-20260725-1225-0119,M-1501,PC-150,2026-07-25T23:30:00+08:00,2026-07-26T01:30:00+08:00,2.00,80.00,Silver,0.10,72.00,144.00,100,50.00,94.00,11,GCash
SESS-20260725-1028-0127,M-1010,PC-120,2026-07-25T23:30:00+08:00,2026-07-26T01:30:00+08:00,2.00,80.00,Silver,0.10,72.00,144.00,100,50.00,94.00,11,GCash
SESS-20260725-8720-0176,M-1007,PC-075,2026-07-25T23:30:00+08:00,2026-07-26T01:30:00+08:00,2.00,50.00,Silver,0.10,45.00,90.00,0,0.00,90.00,11,Maya
SESS-20260725-2259-0188,M-1895,PC-171,2026-07-25T23:30:00+08:00,2026-07-26T02:30:00+08:00,3.00,120.00,Standard,0.00,120.00,360.00,0,0.00,360.00,36,Cash
SESS-20260725-2800-0211,M-1262,PC-146,2026-07-25T23:30:00+08:00,2026-07-26T02:30:00+08:00,3.00,80.00,Silver,0.10,72.00,216.00,100,50.00,166.00,20,GCash
SESS-20260725-5146-0319,M-1989,PC-139,2026-07-25T23:30:00+08:00,2026-07-26T00:30:00+08:00,1.00,80.00,Standard,0.00,80.00,80.00,0,0.00,80.00,8,Cash
SESS-20260725-7288-0364,M-1111,PC-016,2026-07-25T23:30:00+08:00,2026-07-26T02:30:00+08:00,3.00,50.00,Silver,0.10,45.00,135.00,0,0.00,135.00,16,Cash
SESS-20260725-1782-0395,M-1647,PC-006,2026-07-25T23:30:00+08:00,2026-07-26T02:30:00+08:00,3.00,50.00,Gold,0.20,40.00,120.00,0,0.00,120.00,18,Cash
SESS-20260725-5669-0202,M-1225,PC-104,2026-07-25T23:35:00+08:00,2026-07-26T00:35:00+08:00,1.00,80.00,Silver,0.10,72.00,72.00,0,0.00,72.00,9,GCash
SESS-20260725-7476-0262,M-1821,PC-074,2026-07-25T23:35:00+08:00,2026-07-26T02:35:00+08:00,3.00,50.00,Silver,0.10,45.00,135.00,0,0.00,135.00,16,GCash
SESS-20260725-8802-0397,M-1475,PC-099,2026-07-25T23:35:00+08:00,2026-07-26T00:35:00+08:00,1.00,50.00,Silver,0.10,45.00,45.00,0,0.00,45.00,5,Cash
SESS-20260725-2037-0405,M-1637,PC-068,2026-07-25T23:35:00+08:00,2026-07-26T00:35:00+08:00,1.00,50.00,Gold,0.20,40.00,40.00,0,0.00,40.00,6,GCash
SESS-20260725-6275-0109,M-1368,PC-056,2026-07-25T23:40:00+08:00,2026-07-26T02:40:00+08:00,3.00,50.00,Silver,0.10,45.00,135.00,100,50.00,85.00,10,Cash
SESS-20260725-2706-0280,M-1546,PC-127,2026-07-25T23:40:00+08:00,2026-07-26T02:40:00+08:00,3.00,80.00,Silver,0.10,72.00,216.00,0,0.00,216.00,27,Cash
SESS-20260725-8595-0347,M-1745,PC-158,2026-07-25T23:40:00+08:00,2026-07-26T00:40:00+08:00,1.00,120.00,Silver,0.10,108.00,108.00,0,0.00,108.00,13,GCash
SESS-20260725-6827-0000,M-1778,PC-125,2026-07-25T23:45:00+08:00,2026-07-26T00:45:00+08:00,1.00,80.00,Silver,0.10,72.00,72.00,0,0.00,72.00,9,Cash
SESS-20260725-8770-0162,M-1630,PC-034,2026-07-25T23:45:00+08:00,2026-07-26T01:45:00+08:00,2.00,50.00,Gold,0.20,40.00,80.00,100,50.00,30.00,4,Cash
SESS-20260725-5804-0233,M-1413,PC-097,2026-07-25T23:45:00+08:00,2026-07-26T02:45:00+08:00,3.00,50.00,Silver,0.10,45.00,135.00,0,0.00,135.00,16,GCash
SESS-20260725-4567-0255,M-1202,PC-140,2026-07-25T23:45:00+08:00,2026-07-26T00:45:00+08:00,1.00,80.00,Gold,0.20,64.00,64.00,0,0.00,64.00,9,GCash
SESS-20260725-8362-0263,M-1781,PC-086,2026-07-25T23:45:00+08:00,2026-07-26T02:45:00+08:00,3.00,50.00,Gold,0.20,40.00,120.00,0,0.00,120.00,18,Cash
SESS-20260725-2720-0321,M-1576,PC-131,2026-07-25T23:45:00+08:00,2026-07-26T00:45:00+08:00,1.00,80.00,Gold,0.20,64.00,64.00,0,0.00,64.00,9,Cash
SESS-20260725-9022-0411,M-1693,PC-112,2026-07-25T23:45:00+08:00,2026-07-26T01:45:00+08:00,2.00,80.00,Silver,0.10,72.00,144.00,0,0.00,144.00,18,GCash
SESS-20260725-2129-0413,M-1074,PC-002,2026-07-25T23:45:00+08:00,2026-07-26T07:45:00+08:00,8.00,50.00,Silver,0.10,45.00,360.00,0,0.00,360.00,45,GCash
SESS-20260725-6750-0229,M-1935,PC-057,2026-07-25T23:50:00+08:00,2026-07-26T02:50:00+08:00,3.00,50.00,Standard,0.00,50.00,150.00,0,0.00,150.00,15,GCash
SESS-20260725-4153-0243,M-1722,PC-130,2026-07-25T23:50:00+08:00,2026-07-26T01:50:00+08:00,2.00,80.00,Silver,0.10,72.00,144.00,0,0.00,144.00,18,GCash
SESS-20260725-2167-0330,M-1610,PC-079,2026-07-25T23:50:00+08:00,2026-07-26T01:50:00+08:00,2.00,50.00,Silver,0.10,45.00,90.00,0,0.00,90.00,11,GCash
SESS-20260725-1429-0238,M-1780,PC-096,2026-07-25T23:55:00+08:00,2026-07-26T02:55:00+08:00,3.00,50.00,Silver,0.10,45.00,135.00,0,0.00,135.00,16,Cash
SESS-20260725-4119-0298,M-1697,PC-037,2026-07-25T23:55:00+08:00,2026-07-26T02:55:00+08:00,3.00,50.00,Silver,0.10,45.00,135.00,0,0.00,135.00,16,GCash
SESS-20260725-2411-0301,M-1738,PC-052,2026-07-25T23:55:00+08:00,2026-07-26T01:55:00+08:00,2.00,50.00,Silver,0.10,45.00,90.00,0,0.00,90.00,11,Cash
SESS-20260725-4352-0337,M-1702,PC-026,2026-07-25T23:55:00+08:00,2026-07-26T01:55:00+08:00,2.00,50.00,Silver,0.10,45.00,90.00,100,50.00,40.00,5,GCash
SESS-20260725-8741-0341,M-1390,PC-126,2026-07-25T23:55:00+08:00,2026-07-26T07:55:00+08:00,8.00,80.00,Silver,0.10,72.00,576.00,0,0.00,576.00,72,Cash
SESS-20260725-3107-0403,M-1355,PC-161,2026-07-25T23:55:00+08:00,2026-07-26T04:55:00+08:00,5.00,120.00,Silver,0.10,108.00,540.00,400,200.00,340.00,42,Cash
SESS-20260725-2680-0409,M-1116,PC-028,2026-07-25T23:55:00+08:00,2026-07-26T00:55:00+08:00,1.00,50.00,Silver,0.10,45.00,45.00,0,0.00,45.00,5,Maya
SESS-20260725-5411-0415,M-1597,PC-164,2026-07-25T23:55:00+08:00,2026-07-26T01:55:00+08:00,2.00,120.00,Silver,0.10,108.00,216.00,0,0.00,216.00,27,Cash
SESS-20260725-3012-0418,M-1283,PC-121,2026-07-25T23:55:00+08:00,2026-07-26T04:55:00+08:00,5.00,80.00,Silver,0.10,72.00,360.00,0,0.00,360.00,45,Cash
SESS-20260725-7305-0420,M-1461,PC-020,2026-07-25T23:55:00+08:00,2026-07-26T01:55:00+08:00,2.00,50.00,Silver,0.10,45.00,90.00,0,0.00,90.00,11,Maya
SESS-20260725-4990-0430,M-1487,PC-036,2026-07-25T23:55:00+08:00,2026-07-26T00:55:00+08:00,1.00,50.00,Gold,0.20,40.00,40.00,0,0.00,40.00,6,Cash
